Indice_Tempo,Valor_real,Previsao_SARIMAX,Residuo,RADIACAO GLOBAL (Kj/m²),TEMPERATURA DO AR - BULBO SECO HORARIA (°C),TEMPERATURA MÁXIMA NA HORA ANT. (AUT) (°C),TEMPERATURA MÍNIMA NA HORA ANT. (AUT) (°C)
4809,0.0,0.0,0.0,0.0,11.3,12.0,11.0
4810,12.6,9.79117345847687,2.80882654152313,12.6,11.4,11.5,11.1
4811,462.6,405.7520313007346,56.84796869926544,462.6,19.0,19.0,11.4
4812,1282.3,1163.321085954553,118.97891404544704,1282.3,21.9,22.1,18.9
4813,2006.5,1847.1962224194929,159.30377758050736,2006.5,22.1,23.4,21.9
4814,2536.2,2371.3179433252426,164.88205667475722,2536.2,23.0,23.5,22.1
4815,2837.0,2703.2697703026524,133.73022969734757,2837.0,24.4,25.2,22.9
4816,2849.9,2702.167072710746,147.7329272892539,2849.9,25.4,25.7,24.2
4817,2648.0,2636.5256683491143,11.474331650885688,2648.0,26.1,26.6,25.0
4818,2128.2,2211.874213453085,-83.67421345308503,2128.2,26.2,26.8,25.4
4819,1692.5,1544.8873069124002,147.61269308759984,1692.5,26.3,26.9,25.7
4820,936.9,860.5240830514124,76.37591694858759,936.9,25.7,26.6,25.6
4821,192.3,281.502374062469,-89.202374062469,192.3,21.2,25.8,21.2
4822,0.0,22.93613698275942,-22.93613698275942,0.0,21.4,21.4,18.5
4823,0.0,0.0,0.0,0.0,21.1,21.5,21.0
4824,0.0,0.0,0.0,0.0,21.0,21.2,20.6
4825,0.0,0.0,0.0,0.0,19.4,21.0,19.4
4826,0.0,2.9520785379221377e-64,-2.9520785379221377e-64,0.0,19.6,19.7,17.1
4827,0.0,0.0,0.0,0.0,18.8,19.8,18.8
4828,0.0,0.0,0.0,0.0,18.2,18.9,18.2
4829,0.0,0.0,0.0,0.0,17.3,18.3,17.3
4830,0.0,0.0,0.0,0.0,17.0,17.7,16.9
4831,0.0,4.026227860392375e-145,-4.026227860392375e-145,0.0,15.9,17.2,15.7
4832,0.0,0.0,0.0,0.0,16.9,17.0,15.1
4833,0.0,0.0,0.0,0.0,15.4,16.9,15.4
4834,9.5,10.41128490477151,-0.9112849047715096,9.5,16.0,16.2,15.2
4835,461.9,406.7058956877234,55.19410431227658,461.9,18.4,18.4,16.0
4836,1284.6,1165.7706767225263,118.82932327747358,1284.6,20.0,20.0,18.4
4837,1990.6,1863.609695644044,126.99030435595614,1990.6,21.9,22.2,19.9
4838,2520.2,2372.4982564593006,147.70174354069923,2520.2,23.8,24.2,22.0
4839,2814.6,2687.4952119514683,127.10478804853165,2814.6,25.3,25.4,23.7
4840,2856.9,2707.0664849750065,149.83351502499363,2856.9,25.6,25.9,24.6
4841,2666.7,2607.521898076208,59.17810192379193,2666.7,26.1,27.0,25.2
4842,2258.9,2161.0032090948293,97.89679090517076,2258.9,26.2,27.1,25.7
4843,1241.0,1659.9071018602826,-418.9071018602826,1241.0,26.0,26.9,25.1
4844,929.2,684.8016836913378,244.3983163086623,929.2,25.3,26.3,25.3
4845,117.4,229.16777917064397,-111.76777917064392,117.4,23.4,25.3,23.4
4846,0.0,0.0,0.0,0.0,22.6,23.4,21.7
4847,0.0,0.0,0.0,0.0,21.6,22.7,21.6
4848,0.0,0.0,0.0,0.0,20.7,21.7,20.7
4849,0.0,0.0,0.0,0.0,20.3,20.8,20.2
4850,0.0,0.0,0.0,0.0,19.6,20.7,18.9
4851,0.0,0.0,0.0,0.0,18.6,19.6,18.5
4852,0.0,0.0,0.0,0.0,18.6,19.0,18.3
4853,0.0,0.0,0.0,0.0,14.4,18.6,14.3
4854,0.0,0.0,0.0,0.0,14.3,14.7,14.1
4855,0.0,0.0,0.0,0.0,13.7,14.4,13.7
4856,0.0,0.0,0.0,0.0,14.9,14.9,13.5
4857,0.0,0.0,0.0,0.0,13.9,15.0,13.6
4858,19.8,9.675529366342,10.124470633658,19.8,14.7,14.8,13.3
4859,461.5,413.3487812116138,48.15121878838619,461.5,19.1,19.1,14.7
4860,926.7,1164.3583648445806,-237.65836484458052,926.7,20.1,20.2,19.1
4861,1831.0,1631.5914115130809,199.40858848691917,1831.0,22.3,22.3,19.7
4862,2513.6,2270.729187988561,242.8708120114384,2513.6,23.7,24.3,22.3
4863,2802.8,2668.6457867298946,134.15421327010563,2802.8,25.0,25.8,23.7
4864,2841.5,2710.6738850606084,130.82611493939157,2841.5,25.8,27.1,24.9
4865,2581.0,2546.963860577832,34.03613942216816,2581.0,26.1,26.5,25.2
4866,2240.3,2085.084977395208,155.215022604792,2240.3,26.9,27.8,26.1
4867,1671.2,1476.0288845086309,195.1711154913694,1671.2,27.4,27.6,26.5
4868,741.5,1064.5105364141705,-323.0105364141705,741.5,26.5,27.8,26.0
4869,167.5,84.5658747576033,82.9341252423967,167.5,21.7,26.5,21.7
4870,0.0,20.171758298224333,-20.171758298224333,0.0,23.3,23.4,20.3
4871,0.0,0.0,0.0,0.0,22.6,23.4,22.4
4872,0.0,0.0,0.0,0.0,22.0,22.8,21.9
4873,0.0,0.0,0.0,0.0,20.3,22.0,18.0
4874,0.0,0.0,0.0,0.0,20.2,20.8,20.2
4875,0.0,0.0,0.0,0.0,19.9,20.3,19.7
4876,0.0,5.375329552868655e-97,-5.375329552868655e-97,0.0,15.1,20.0,15.1
4877,0.0,0.0,0.0,0.0,14.9,15.3,14.6
4878,0.0,1.7048787454459315e-126,-1.7048787454459315e-126,0.0,13.9,16.4,13.6
4879,0.0,8.96772480563329e-49,-8.96772480563329e-49,0.0,14.0,14.1,13.6
4880,0.0,0.0,0.0,0.0,13.7,14.2,13.5
4881,0.0,0.0,0.0,0.0,13.2,13.7,13.1
4882,12.8,13.122132627552324,-0.3221326275523246,12.8,14.0,14.0,12.8
4883,476.0,407.80451100572736,68.19548899427264,476.0,20.1,20.2,14.0
4884,1318.1,1013.5569662251156,304.5430337748842,1318.1,22.0,22.0,20.1
4885,2038.0,1903.2573891598645,134.7426108401355,2038.0,23.5,23.5,21.9
4886,2561.0,2444.7638665198565,116.23613348014352,2561.0,24.9,25.1,23.2
4887,2783.3,2693.099567520183,90.2004324798172,2783.3,25.5,26.3,24.6
4888,2901.5,2706.669616872553,194.83038312744705,2901.5,26.5,26.9,25.2
4889,2651.4,2557.9021678369154,93.4978321630847,2651.4,27.0,27.5,26.3
4890,2276.0,2197.074905882682,78.92509411731817,2276.0,26.7,27.6,26.6
4891,1681.1,1474.3806928949398,206.71930710506007,1681.1,27.2,27.9,26.6
4892,958.1,977.0528633094124,-18.95286330941235,958.1,26.4,27.2,26.4
4893,170.6,266.0712942099824,-95.4712942099824,170.6,24.2,26.4,24.2
4894,0.0,27.38084502748964,-27.38084502748964,0.0,23.0,24.1,21.6
4895,0.0,1.2016462876099934e-15,-1.2016462876099934e-15,0.0,22.5,23.2,22.4
4896,0.0,0.0,0.0,0.0,22.1,22.5,21.7
4897,0.0,0.0,0.0,0.0,18.0,22.1,18.0
4898,0.0,0.0,0.0,0.0,20.3,20.7,16.6
4899,0.0,0.0,0.0,0.0,19.8,20.6,19.7
4900,0.0,0.0,0.0,0.0,14.8,20.0,14.8
4901,0.0,0.0,0.0,0.0,14.7,15.0,14.2
4902,0.0,0.0,0.0,0.0,14.2,14.8,13.9
4903,0.0,0.0,0.0,0.0,13.9,14.4,13.6
4904,0.0,0.0,0.0,0.0,13.9,17.6,13.7
4905,0.0,0.0,0.0,0.0,12.5,14.2,12.5
4906,13.1,14.30258049978566,-1.2025804997856593,13.1,13.4,13.6,12.5
4907,485.8,414.11504535801714,71.68495464198287,485.8,19.7,19.7,13.4
4908,1333.1,1043.6786093614612,289.4213906385387,1333.1,21.9,21.9,19.7
4909,2059.2,1923.6174907505515,135.58250924944832,2059.2,23.0,23.5,21.3
4910,2598.6,2461.101694961783,137.49830503821704,2598.6,24.4,24.4,22.8
4911,2910.3,2691.838588970465,218.4614110295356,2910.3,25.7,26.2,24.1
4912,2913.8,2816.846227789892,96.95377221010858,2913.8,26.4,26.7,25.3
4913,2677.6,2549.035930205039,128.5640697949607,2677.6,27.2,27.3,25.9
4914,2292.7,2225.0561711975965,67.64382880240328,2292.7,27.4,27.7,26.6
4915,1734.1,1667.2849392235314,66.8150607764685,1734.1,27.3,28.5,26.9
4916,973.8,912.3116723293474,61.48832767065255,973.8,26.5,27.4,26.5
4917,190.4,286.0479864528899,-95.64798645288992,190.4,24.4,26.5,24.4
4918,0.0,25.463434417517405,-25.463434417517405,0.0,23.3,24.4,22.9
4919,0.0,0.0,0.0,0.0,22.4,23.5,22.3
4920,0.0,0.0,0.0,0.0,21.6,22.6,21.5
4921,0.0,8.404156395380934e-45,-8.404156395380934e-45,0.0,21.2,21.7,21.2
4922,0.0,0.0,0.0,0.0,20.5,21.2,20.5
4923,0.0,0.0,0.0,0.0,20.1,20.6,19.7
4924,0.0,0.0,0.0,0.0,19.3,20.1,18.3
4925,0.0,0.0,0.0,0.0,19.5,19.7,19.3
4926,0.0,1.2719420725892484e-128,-1.2719420725892484e-128,0.0,18.5,19.6,18.5
4927,0.0,0.0,0.0,0.0,18.8,18.9,14.9
4928,0.0,0.0,0.0,0.0,17.8,18.8,15.7
4929,0.0,6.182900040211435e-178,-6.182900040211435e-178,0.0,17.1,17.8,15.1
4930,12.0,11.4613275673625,0.538672432637501,12.0,15.7,17.1,13.9
4931,490.4,425.9534651309136,64.4465348690864,490.4,19.6,19.7,15.0
4932,1336.4,1213.6964091352447,122.70359086475536,1336.4,20.4,21.0,19.3
4933,2064.1,1915.26247517347,148.83752482652994,2064.1,21.8,22.1,20.4
4934,2595.8,2440.6894245330104,155.11057546698976,2595.8,23.5,23.8,21.8
4935,2883.9,2716.893200586609,167.00679941339104,2883.9,25.5,26.0,23.5
4936,2892.5,2800.7527608932746,91.74723910672536,2892.5,26.6,26.8,25.4
4937,2609.0,2558.520908878651,50.47909112134903,2609.0,26.5,27.3,26.2
4938,2025.4,2178.9454505891563,-153.5454505891562,2025.4,27.0,27.6,25.9
4939,1679.5,1514.296399400721,165.20360059927907,1679.5,26.8,27.9,26.5
4940,1011.6,959.908260797494,51.69173920250592,1011.6,26.7,27.4,26.5
4941,193.5,257.76405398660705,-64.26405398660705,193.5,24.4,26.8,24.4
4942,0.0,20.890209983092205,-20.890209983092205,0.0,23.3,24.5,23.3
4943,0.0,1.7007631028706436e-14,-1.7007631028706436e-14,0.0,22.5,23.3,22.4
4944,0.0,0.0,0.0,0.0,21.6,22.5,21.4
4945,0.0,1.176471975462887e-47,-1.176471975462887e-47,0.0,20.9,21.7,20.8
4946,0.0,1.6345171739957246e-64,-1.6345171739957246e-64,0.0,20.9,21.0,20.3
4947,0.0,0.0,0.0,0.0,19.8,21.0,19.8
4948,0.0,3e-323,-3e-323,0.0,15.4,19.8,15.1
4949,0.0,0.0,0.0,0.0,14.6,15.9,14.5
4950,0.0,0.0,0.0,0.0,14.8,15.3,14.2
4951,0.0,3.778266544690853e-143,-3.778266544690853e-143,0.0,14.3,14.8,13.7
4952,0.0,0.0,0.0,0.0,17.5,18.1,14.3
4953,0.0,3e-323,-3e-323,0.0,15.9,17.5,13.6
4954,12.2,11.106694319294906,1.0933056807050932,12.2,16.8,17.9,14.9
4955,488.8,433.3951768246323,55.40482317536771,488.8,19.4,19.6,16.8
4956,1321.3,1218.2474830310352,103.05251696896472,1321.3,21.0,21.1,19.4
4957,2041.2,1914.1240804778813,127.07591952211874,2041.2,22.9,23.4,20.8
4958,2565.0,2436.1796537796017,128.82034622039828,2565.0,25.0,25.4,22.9
4959,2868.8,2732.6330436194576,136.16695638054262,2868.8,26.0,26.4,24.7
4960,2889.6,2762.1617486131763,127.4382513868236,2889.6,27.1,27.1,25.4
4961,2486.8,2540.698440897201,-53.898440897201,2486.8,27.0,28.0,25.6
4962,2154.7,2000.6389425098628,154.06105749013705,2154.7,27.0,27.3,26.2
4963,1740.3,1665.7369545268632,74.56304547313675,1740.3,27.1,27.7,26.6
4964,981.0,1023.4181279156436,-42.41812791564348,981.0,26.2,27.3,26.2
4965,199.6,232.67606561072228,-33.07606561072228,199.6,24.4,26.2,24.4
4966,0.0,18.21228349620263,-18.21228349620263,0.0,22.7,24.4,22.7
4967,0.0,0.0,0.0,0.0,22.5,22.9,22.4
4968,0.0,0.0,0.0,0.0,21.8,22.5,21.5
4969,0.0,0.0,0.0,0.0,21.4,21.9,21.4
4970,0.0,1.3946573836305896e-63,-1.3946573836305896e-63,0.0,20.8,21.5,20.7
4971,0.0,0.0,0.0,0.0,19.7,20.9,19.6
4972,0.0,3.743394417339478e-95,-3.743394417339478e-95,0.0,19.6,19.9,19.5
4973,0.0,0.0,0.0,0.0,18.7,19.7,18.4
4974,0.0,0.0,0.0,0.0,18.6,18.9,17.1
4975,0.0,0.0,0.0,0.0,14.0,18.7,14.0
4976,0.0,4.2562236950004056e-178,-4.2562236950004056e-178,0.0,13.4,14.0,13.2
4977,0.0,5e-324,-5e-324,0.0,13.0,13.4,12.4
4978,12.8,10.755963355836212,2.044036644163789,12.8,17.6,17.6,12.9
4979,496.9,436.34799995995405,60.552000040045925,496.9,19.8,19.8,17.6
4980,1337.2,1219.4181585751126,117.78184142488747,1337.2,21.6,21.9,19.8
4981,2069.2,1921.8016569108463,147.3983430891535,2069.2,23.3,23.3,21.5
4982,2593.9,2446.4254663009638,147.47453369903678,2593.9,24.9,24.9,22.8
4983,2902.5,2744.6724929604634,157.8275070395366,2902.5,26.8,26.9,24.3
4984,2918.5,2786.346777557041,132.15322244295885,2918.5,27.0,27.3,25.7
4985,2668.4,2481.451344266075,186.94865573392508,2668.4,26.6,27.2,26.0
4986,2315.6,2113.058965206209,202.5410347937909,2315.6,27.0,27.5,26.3
4987,1753.7,1806.034267254105,-52.33426725410527,1753.7,27.4,27.6,26.6
4988,1011.0,1030.815491292483,-19.81549129248333,1011.0,26.3,27.3,26.3
4989,213.7,253.21536626728505,-39.51536626728506,213.7,24.1,26.3,24.1
4990,0.0,24.3418515145234,-24.3418515145234,0.0,22.5,24.1,21.6
4991,0.0,2.2404008285908237e-113,-2.2404008285908237e-113,0.0,21.9,22.8,21.9
4992,0.0,0.0,0.0,0.0,20.5,22.0,20.5
4993,0.0,0.0,0.0,0.0,19.2,21.4,19.2
4994,0.0,0.0,0.0,0.0,16.3,19.2,16.3
4995,0.0,4.602051058827123e-75,-4.602051058827123e-75,0.0,19.7,19.7,16.2
4996,0.0,0.0,0.0,0.0,16.0,19.8,15.0
4997,0.0,0.0,0.0,0.0,17.0,18.8,15.3
4998,0.0,3.2932227606236227e-129,-3.2932227606236227e-129,0.0,17.6,17.6,14.4
4999,0.0,0.0,0.0,0.0,18.1,18.5,17.6
5000,0.0,0.0,0.0,0.0,13.6,18.1,13.4
5001,0.0,0.0,0.0,0.0,16.6,16.6,13.6
5002,14.2,11.121669309963425,3.078330690036577,14.2,15.1,16.6,14.6
5003,458.8,440.2379585275359,18.562041472464102,458.8,19.4,19.4,14.5
5004,1347.5,1194.916079064396,152.58392093560406,1347.5,22.4,22.4,19.4
5005,2081.2,1931.269378271047,149.93062172895316,2081.2,24.2,24.3,22.4
5006,2615.7,2452.662432707696,163.03756729230372,2615.7,25.8,26.5,24.0
5007,2757.1,2767.8787772426995,-10.778777242699562,2757.1,27.3,27.3,25.4
5008,2874.4,2702.2249456918744,172.1750543081257,2874.4,28.0,28.6,26.8
5009,2625.0,2476.874881787768,148.12511821223188,2625.0,28.2,28.6,27.1
5010,2164.0,2196.553106614375,-32.55310661437488,2164.0,28.1,28.7,27.5
5011,1629.5,1662.928828674448,-33.428828674447914,1629.5,27.3,28.8,27.3
5012,861.9,933.4025474898197,-71.50254748981968,861.9,26.2,27.9,26.2
5013,185.0,168.7089353965019,16.291064603498114,185.0,23.3,26.4,23.3
5014,0.0,0.6244618535729103,-0.6244618535729103,0.0,20.0,23.3,19.9
5015,0.0,9.408896341719829e-16,-9.408896341719829e-16,0.0,18.8,20.4,18.8
5016,0.0,0.0,0.0,0.0,18.8,19.2,17.9
5017,0.0,0.0,0.0,0.0,17.8,18.8,17.5
5018,0.0,0.0,0.0,0.0,18.0,18.6,17.8
5019,0.0,7.589572326126432e-112,-7.589572326126432e-112,0.0,19.8,20.7,17.7
5020,0.0,0.0,0.0,0.0,18.3,19.8,18.3
5021,0.0,0.0,0.0,0.0,17.2,18.3,16.8
5022,0.0,0.0,0.0,0.0,15.4,17.3,15.4
5023,0.0,0.0,0.0,0.0,14.4,15.4,14.3
5024,0.0,0.0,0.0,0.0,14.9,15.2,14.3
5025,0.0,0.0,0.0,0.0,14.4,15.6,14.4
5026,15.4,12.03285814313168,3.3671418568683205,15.4,13.8,14.4,13.2
5027,495.8,426.956659237085,68.84334076291498,495.8,19.9,19.9,13.8
5028,1326.6,1239.012602088114,87.587397911886,1326.6,22.3,22.3,19.4
5029,2051.6,1929.141969836575,122.45803016342484,2051.6,23.5,23.7,21.9
5030,2569.2,2445.9301366068185,123.26986339318135,2569.2,25.2,25.3,23.5
5031,2883.8,2672.9761347449585,210.8238652550417,2883.8,25.5,26.8,24.9
5032,2488.0,2805.9357714576854,-317.9357714576854,2488.0,26.6,27.3,25.4
5033,2553.4,2299.82130509295,253.57869490705025,2553.4,28.0,28.2,26.2
5034,2257.9,2115.123701705983,142.77629829401712,2257.9,27.5,28.7,26.6
5035,1890.3,1669.6237429220205,220.67625707797947,1890.3,27.2,28.4,26.8
5036,1034.0,1071.5422374734503,-37.54223747345054,1034.0,26.7,27.8,26.7
5037,168.6,302.576654790268,-133.976654790268,168.6,24.3,26.8,24.2
5038,0.0,0.0,0.0,0.0,23.3,24.3,23.2
5039,0.0,0.0,0.0,0.0,21.2,23.3,21.2
5040,0.0,0.0,0.0,0.0,19.6,21.2,19.6
5041,0.0,0.0,0.0,0.0,18.6,19.6,18.6
5042,0.0,0.0,0.0,0.0,17.8,18.6,17.8
5043,0.0,0.0,0.0,0.0,17.2,17.9,17.2
5044,0.0,0.0,0.0,0.0,16.6,17.4,16.6
5045,0.0,0.0,0.0,0.0,16.5,16.6,16.2
5046,0.0,0.0,0.0,0.0,15.7,16.5,15.6
5047,0.0,0.0,0.0,0.0,14.8,15.7,14.7
5048,0.0,4.74e-322,-4.74e-322,0.0,14.9,15.1,14.4
5049,0.0,0.0,0.0,0.0,14.1,14.9,14.1
5050,17.7,13.20292948931784,4.4970705106821605,17.7,13.7,14.2,13.4
5051,498.5,428.5962679533517,69.90373204664826,498.5,16.1,16.1,13.7
5052,1365.0,1237.1075194158886,127.89248058411135,1365.0,18.6,19.1,16.1
5053,2093.9,1950.092775509269,143.8072244907312,2093.9,21.1,21.3,18.6
5054,2615.9,2468.243270959858,147.65672904014218,2615.9,22.9,22.9,21.1
5055,2933.3,2706.322314484028,226.97768551597252,2933.3,24.2,24.4,22.4
5056,2933.2,2648.177309503079,285.02269049692086,2933.2,25.8,25.8,23.7
5057,2679.8,2649.1955646698298,30.604435330170418,2679.8,27.8,27.8,25.3
5058,2215.2,2204.5511232438253,10.64887675617456,2215.2,26.7,27.8,26.2
5059,1515.8,1723.30515938062,-207.50515938061997,1515.8,26.8,27.6,26.4
5060,735.9,811.9089723799793,-76.00897237997935,735.9,26.1,27.8,25.9
5061,203.1,88.15064460863596,114.94935539136404,203.1,24.1,26.3,24.1
5062,0.0,28.43628026967912,-28.43628026967912,0.0,20.7,24.1,20.7
5063,0.0,2.2028036838801736e-15,-2.2028036838801736e-15,0.0,20.2,22.6,19.9
5064,0.0,0.0,0.0,0.0,21.3,21.4,19.9
5065,0.0,0.0,0.0,0.0,20.4,21.4,18.9
5066,0.0,0.0,0.0,0.0,17.9,20.8,17.6
5067,0.0,4.0555074889552e-80,-4.0555074889552e-80,0.0,18.6,18.6,17.6
5068,0.0,0.0,0.0,0.0,15.7,18.7,15.7
5069,0.0,0.0,0.0,0.0,14.2,15.7,14.2
5070,0.0,0.0,0.0,0.0,13.8,14.6,13.3
5071,0.0,0.0,0.0,0.0,12.3,15.2,12.3
5072,0.0,4.288724025460914e-178,-4.288724025460914e-178,0.0,12.6,13.4,12.1
5073,0.0,0.0,0.0,0.0,12.4,13.3,12.0
5074,18.6,14.827400656354117,3.7725993436458864,18.6,12.1,12.4,11.4
5075,362.4,446.9122103526808,-84.51221035268077,362.4,16.9,16.9,12.1
5076,895.7,1152.6411037046612,-256.94110370466115,895.7,18.1,18.3,16.8
5077,1756.9,1661.7041725010615,95.19582749893856,1756.9,19.8,20.4,18.1
5078,2646.1,2258.155878249036,387.9441217509643,2646.1,23.2,23.2,19.8
5079,2730.3,2805.5216521442526,-75.2216521442524,2730.3,23.9,24.5,22.0
5080,2923.9,2509.834647938033,414.06535206196713,2923.9,25.9,26.0,23.7
5081,2298.7,2649.6020949479166,-350.9020949479168,2298.7,26.7,26.8,24.8
5082,2113.0,1972.9490589307056,140.05094106929437,2113.0,26.4,27.5,25.5
5083,1660.4,1588.9219957134164,71.47800428658365,1660.4,26.8,27.5,26.1
5084,1064.3,875.9838477158827,188.3161522841173,1064.3,25.7,27.1,25.6
5085,233.9,338.4378769276474,-104.53787692764736,233.9,23.9,25.7,23.9
5086,0.0,41.71748704467355,-41.71748704467355,0.0,22.8,23.9,22.7
5087,0.0,0.0,0.0,0.0,22.1,22.9,22.0
5088,0.0,0.0,0.0,0.0,20.7,22.1,20.7
5089,0.0,0.0,0.0,0.0,19.9,20.8,19.9
5090,0.0,0.0,0.0,0.0,19.7,20.1,19.7
5091,0.0,0.0,0.0,0.0,18.8,19.9,18.8
5092,0.0,5.4e-323,-5.4e-323,0.0,18.8,19.2,18.8
5093,0.0,0.0,0.0,0.0,18.5,19.2,18.5
5094,0.0,2.364610077096766e-256,-2.364610077096766e-256,0.0,17.7,18.6,17.6
5095,0.0,0.0,0.0,0.0,16.9,17.9,16.8
5096,0.0,0.0,0.0,0.0,16.6,17.0,16.4
5097,0.0,0.0,0.0,0.0,15.7,16.6,15.7
5098,14.7,16.28365918554876,-1.5836591855487612,14.7,15.9,16.0,15.4
5099,529.5,384.4593120611463,145.04068793885375,529.5,17.4,17.5,15.9
5100,1376.3,1101.232000850713,275.0679991492873,1376.3,19.4,19.5,17.4
5101,2099.6,1952.2547812817816,147.34521871821835,2099.6,20.9,21.0,19.2
5102,2623.6,2592.963098361838,30.636901638161817,2623.6,22.7,23.3,20.5
5103,2936.2,2703.3014093398924,232.8985906601074,2936.2,24.2,25.0,22.7
5104,2941.8,2874.091613999837,67.70838600016305,2941.8,24.9,26.1,23.7
5105,2770.2,2427.19455029786,343.0054497021397,2770.2,25.8,26.5,24.5
5106,1917.9,2276.1385622225625,-358.23856222256245,1917.9,25.8,26.9,24.6
5107,1378.4,1411.0724701994172,-32.67247019941715,1378.4,26.3,26.8,24.8
5108,1041.3,779.6839478024635,261.6160521975364,1041.3,25.5,26.5,25.2
5109,281.2,340.4326123350684,-59.23261233506838,281.2,23.6,25.5,23.6
5110,0.0,52.82959812772253,-52.82959812772253,0.0,22.4,23.7,22.4
5111,0.0,0.0,0.0,0.0,21.4,22.4,21.3
5112,0.0,0.0,0.0,0.0,20.8,21.4,20.6
5113,0.0,0.0,0.0,0.0,19.7,20.8,19.7
5114,0.0,0.0,0.0,0.0,19.0,19.7,18.7
5115,0.0,3.725406201869662e-80,-3.725406201869662e-80,0.0,18.6,19.1,18.6
5116,0.0,0.0,0.0,0.0,18.2,18.7,18.0
5117,0.0,0.0,0.0,0.0,17.8,18.3,17.4
5118,0.0,0.0,0.0,0.0,17.4,17.9,17.0
5119,0.0,6.102283650757752e-144,-6.102283650757752e-144,0.0,16.9,17.8,16.9
5120,0.0,0.0,0.0,0.0,16.3,17.0,16.2
5121,0.0,0.0,0.0,0.0,15.3,16.3,15.2
5122,15.9,14.92903049990207,0.9709695000979296,15.9,15.3,15.4,14.9
5123,564.9,401.4933831418325,163.40661685816747,564.9,17.1,17.1,15.3
5124,1439.6,1123.0832005788477,316.5167994211524,1439.6,18.7,19.1,16.9
5125,2191.4,1991.3153653021377,200.0846346978624,2191.4,21.0,21.0,18.5
5126,2723.5,2649.906357766908,73.5936422330924,2723.5,21.9,22.5,20.5
5127,3042.5,2766.482518313387,276.0174816866129,3042.5,23.4,24.1,21.9
5128,3051.7,2942.11119407744,109.58880592255991,3051.7,24.3,25.2,23.3
5129,2829.0,2536.8787776730805,292.12122232691945,2829.0,25.5,25.9,24.2
5130,2448.9,2150.7207061634613,298.1792938365388,2448.9,25.4,26.4,25.1
5131,1875.4,1759.8244113383212,115.57558866167892,1875.4,25.6,26.0,25.0
5132,1081.3,1262.7800250250282,-181.48002502502823,1081.3,24.5,25.7,24.5
5133,243.2,315.6267148612766,-72.4267148612766,243.2,22.8,24.5,22.8
5134,0.0,7.159699123177347,-7.159699123177347,0.0,20.8,22.8,20.8
5135,0.0,0.0,0.0,0.0,20.0,20.8,19.9
5136,0.0,1.4797628137665958e-47,-1.4797628137665958e-47,0.0,19.6,20.3,19.5
5137,0.0,0.0,0.0,0.0,18.3,19.6,18.2
5138,0.0,0.0,0.0,0.0,17.6,18.4,17.4
5139,0.0,0.0,0.0,0.0,16.5,17.6,16.5
5140,0.0,0.0,0.0,0.0,12.2,16.5,12.2
5141,0.0,0.0,0.0,0.0,15.8,16.0,12.0
5142,0.0,0.0,0.0,0.0,15.9,16.0,12.3
5143,0.0,2.8538755984461918e-145,-2.8538755984461918e-145,0.0,15.4,16.2,15.3
5144,0.0,3.5e-323,-3.5e-323,0.0,14.8,15.5,14.8
5145,0.0,0.0,0.0,0.0,13.9,15.0,13.7
5146,18.3,13.793407692661212,4.506592307338789,18.3,13.4,13.9,13.1
5147,585.6,496.0635285972267,89.53647140277332,585.6,15.0,15.1,13.4
5148,1478.1,1326.0221930546477,152.07780694535222,1478.1,16.3,16.7,15.0
5149,2226.5,2062.877917444459,163.62208255554106,2226.5,18.5,18.7,16.3
5150,2766.1,2590.495161353215,175.60483864678508,2766.1,20.7,21.1,18.3
5151,3077.2,2914.574930127976,162.62506987202414,3077.2,22.2,22.3,20.3
5152,3069.9,2937.6698499059776,132.23015009402252,3069.9,23.5,23.9,21.8
5153,2839.1,2751.0746445750137,88.02535542498617,2839.1,23.5,24.5,22.7
5154,2446.9,2165.5952033081667,281.3047966918334,2446.9,24.4,25.1,23.3
5155,1886.3,1762.756654413525,123.54334558647496,1886.3,24.7,25.2,23.7
5156,1135.3,1213.9756195013542,-78.67561950135428,1135.3,23.6,24.7,23.5
5157,274.2,345.91100700813064,-71.71100700813065,274.2,22.0,23.8,21.8
5158,0.0,23.40620368036789,-23.40620368036789,0.0,20.5,22.0,20.4
5159,0.0,2.468798917243627e-48,-2.468798917243627e-48,0.0,19.9,20.7,19.9
5160,0.0,0.0,0.0,0.0,18.8,20.0,18.8
5161,0.0,0.0,0.0,0.0,18.7,18.9,18.5
5162,0.0,0.0,0.0,0.0,17.0,18.9,16.9
5163,0.0,0.0,0.0,0.0,16.8,17.0,16.1
5164,0.0,0.0,0.0,0.0,16.5,17.1,16.4
5165,0.0,0.0,0.0,0.0,16.1,16.6,16.0
5166,0.0,2.0793313720119508e-127,-2.0793313720119508e-127,0.0,13.2,16.1,13.2
5167,0.0,4.4e-323,-4.4e-323,0.0,15.6,15.7,13.1
5168,0.0,0.0,0.0,0.0,15.3,15.8,15.3
5169,0.0,0.0,0.0,0.0,14.7,15.5,14.4
5170,11.4,15.358999589841336,-3.9589995898413353,11.4,10.8,14.8,10.7
5171,531.0,514.1781678376603,16.82183216233966,531.0,16.7,17.1,10.8
5172,1368.1,1319.295010355686,48.80498964431376,1368.1,18.7,18.8,16.4
5173,2037.4,2020.339079598301,17.06092040169915,2037.4,20.4,20.8,18.6
5174,2172.0,2498.896699302167,-326.8966993021668,2172.0,22.5,22.5,20.2
5175,2974.7,2563.9613329803838,410.7386670196165,2974.7,24.7,24.7,22.3
5176,2698.8,2891.395912086162,-192.5959120861617,2698.8,25.4,25.4,23.5
5177,2944.6,2514.005327059717,430.5946729402831,2944.6,25.2,26.9,25.2
5178,2426.8,2449.1662069229164,-22.366206922916263,2426.8,26.6,27.8,25.2
5179,797.9,1832.4971789878784,-1034.5971789878786,797.9,24.8,26.8,24.7
5180,1026.9,436.6127695103869,590.2872304896132,1026.9,25.2,26.4,24.8
5181,162.9,251.7801682579174,-88.8801682579174,162.9,23.7,25.1,23.6
5182,0.0,0.0,0.0,0.0,22.6,23.7,21.8
5183,0.0,2.47803386934136e-16,-2.47803386934136e-16,0.0,22.0,22.7,22.0
5184,0.0,0.0,0.0,0.0,20.5,22.0,20.5
5185,0.0,4.151065001396001e-128,-4.151065001396001e-128,0.0,17.0,20.6,17.0
5186,0.0,0.0,0.0,0.0,18.7,18.9,16.0
5187,0.0,0.0,0.0,0.0,18.7,19.7,18.7
5188,0.0,0.0,0.0,0.0,14.9,18.7,14.9
5189,0.0,0.0,0.0,0.0,14.6,17.5,14.3
5190,0.0,0.0,0.0,0.0,14.5,14.6,14.1
5191,0.0,0.0,0.0,0.0,13.9,15.1,13.5
5192,0.0,0.0,0.0,0.0,15.7,15.7,13.1
5193,0.0,1.1474510079138668e-15,-1.1474510079138668e-15,0.0,16.3,17.1,15.2
5194,37.8,13.34702940208501,24.452970597914987,37.8,16.9,17.0,14.7
5195,558.0,517.9700925112484,40.02990748875163,558.0,18.6,18.8,16.9
5196,1098.5,1316.0465544905678,-217.5465544905678,1098.5,19.2,20.0,18.6
5197,1386.0,1805.7765496559816,-419.7765496559816,1386.0,21.1,21.1,19.0
5198,2205.6,1888.4963249063053,317.1036750936946,2205.6,22.9,23.2,20.7
5199,2284.2,2715.3442605499317,-431.14426054993146,2284.2,24.3,25.1,23.0
5200,2328.1,2321.30494432695,6.795055673049774,2328.1,25.9,27.5,24.2
5201,1409.4,2437.591517000492,-1028.1915170004918,1409.4,25.1,25.9,24.8
5202,774.8,1447.8335295716147,-673.0335295716147,774.8,24.7,25.7,24.7
5203,464.5,317.0505379000515,147.4494620999485,464.5,24.6,24.8,24.4
5204,287.6,510.1402872629775,-222.54028726297747,287.6,23.8,24.6,23.8
5205,59.3,0.0,59.3,59.3,22.7,23.8,22.7
5206,0.0,0.0,0.0,0.0,21.8,22.8,21.8
5207,0.0,9.868912040175954e-16,-9.868912040175954e-16,0.0,19.7,21.8,19.7
5208,0.0,2.2434681855662647e-31,-2.2434681855662647e-31,0.0,20.0,20.4,18.4
5209,0.0,0.0,0.0,0.0,18.9,20.4,18.9
5210,0.0,0.0,0.0,0.0,18.9,19.6,17.9
5211,0.0,0.0,0.0,0.0,18.2,19.1,18.2
5212,0.0,0.0,0.0,0.0,16.1,18.4,15.6
5213,0.0,0.0,0.0,0.0,14.3,17.4,14.3
5214,0.0,0.0,0.0,0.0,13.9,16.1,13.5
5215,0.0,0.0,0.0,0.0,15.6,15.7,13.9
5216,0.0,0.0,0.0,0.0,13.9,15.7,13.2
5217,0.0,0.0,0.0,0.0,12.7,14.2,12.0
5218,22.2,22.107609858629004,0.0923901413709948,22.2,14.7,14.8,12.6
5219,567.8,489.5143688928596,78.28563110714038,567.8,17.2,17.2,14.7
5220,1405.9,1157.8696503690908,248.0303496309093,1405.9,18.9,19.5,17.2
5221,2134.1,1725.4369572486694,408.6630427513305,2134.1,21.2,21.4,18.7
5222,2676.7,2341.243880856102,335.4561191438979,2676.7,22.5,22.9,20.8
5223,2980.3,2809.718559273073,170.5814407269272,2980.3,24.1,24.7,22.3
5224,2998.0,2646.8684893809373,351.13151061906274,2998.0,24.9,25.8,23.6
5225,2136.7,2421.6939999610486,-284.9939999610488,2136.7,24.9,26.2,24.4
5226,1535.7,1551.9432139504177,-16.243213950417612,1535.7,25.2,26.4,24.7
5227,1752.2,627.7863338191038,1124.413666180896,1752.2,26.4,26.5,25.1
5228,969.3,1333.7777696373769,-364.4777696373769,969.3,25.3,26.5,25.3
5229,148.1,338.1839697186873,-190.0839697186873,148.1,22.2,25.3,22.2
5230,0.0,30.419303069027805,-30.419303069027805,0.0,20.6,22.2,20.3
5231,0.0,0.0,0.0,0.0,21.9,22.4,20.6
5232,0.0,2.751353422896129e-64,-2.751353422896129e-64,0.0,21.7,22.3,21.7
5233,0.0,0.0,0.0,0.0,20.8,21.9,20.7
5234,0.0,0.0,0.0,0.0,20.2,20.9,20.0
5235,0.0,0.0,0.0,0.0,19.7,20.6,19.7
5236,0.0,0.0,0.0,0.0,15.5,19.7,15.5
5237,0.0,0.0,0.0,0.0,14.5,15.9,14.5
5238,0.0,0.0,0.0,0.0,14.0,15.9,13.9
5239,0.0,1.0347644794237001e-142,-1.0347644794237001e-142,0.0,13.4,14.6,13.4
5240,0.0,0.0,0.0,0.0,13.3,14.3,13.1
5241,0.0,0.0,0.0,0.0,13.2,13.7,12.6
5242,26.8,26.935681213424743,-0.1356812134247427,26.8,15.9,15.9,12.4
5243,579.4,505.1718906020967,74.22810939790332,579.4,19.2,19.2,15.9
5244,1430.0,1170.6141785702343,259.38582142976566,1430.0,20.5,20.6,19.2
5245,2151.2,1772.7612197031613,378.43878029683856,2151.2,22.3,22.6,20.3
5246,2680.0,2552.143416541562,127.85658345843784,2680.0,24.3,24.3,22.2
5247,2980.8,2671.5811445998283,309.21885540017183,2980.8,26.1,26.1,24.0
5248,2100.4,2780.956844071591,-680.5568440715911,2100.4,25.7,27.2,25.3
5249,1913.3,1408.6468975885773,504.65310241142265,1913.3,28.2,28.2,25.4
5250,1796.9,1239.7961219615993,557.1038780384008,1796.9,27.1,28.6,26.2
5251,914.9,1474.423278047081,-559.5232780470814,914.9,27.2,27.7,26.1
5252,989.4,513.7598819877758,475.6401180122242,989.4,26.2,27.8,26.2
5253,197.4,360.10268638406853,-162.70268638406853,197.4,24.3,26.8,24.3
5254,0.0,65.90873699774568,-65.90873699774568,0.0,20.7,24.3,20.7
5255,0.0,0.0,0.0,0.0,20.6,21.8,20.4
5256,0.0,0.0,0.0,0.0,20.9,21.6,19.8
5257,0.0,0.0,0.0,0.0,21.9,21.9,19.9
5258,0.0,6.552723007455428e-129,-6.552723007455428e-129,0.0,19.5,22.6,19.3
5259,0.0,0.0,0.0,0.0,18.0,20.8,17.9
5260,0.0,0.0,0.0,0.0,19.8,19.9,16.7
5261,0.0,3.3799932446249225e-127,-3.3799932446249225e-127,0.0,17.4,20.6,17.4
5262,0.0,0.0,0.0,0.0,16.3,17.6,15.5
5263,0.0,0.0,0.0,0.0,19.3,19.3,16.2
5264,0.0,0.0,0.0,0.0,16.7,20.5,16.7
5265,0.0,0.0,0.0,0.0,17.4,17.4,15.6
5266,14.5,22.09444762806219,-7.594447628062191,14.5,16.5,19.9,16.5
5267,568.6,511.78481100903485,56.81518899096517,568.6,22.1,22.4,16.5
5268,1435.6,1310.036121353594,125.56387864640578,1435.6,24.0,24.5,21.9
5269,1724.1,2030.304582031757,-306.2045820317571,1724.1,26.7,26.7,23.0
5270,2647.6,2281.3237436675745,366.2762563324254,2647.6,26.7,27.1,25.2
5271,2397.3,2833.8262533379443,-436.5262533379441,2397.3,25.9,28.1,25.6
5272,1057.2,2107.3318578035205,-1050.1318578035205,1057.2,26.7,27.4,25.7
5273,1949.5,1039.6833990471437,909.8166009528564,1949.5,28.3,29.2,26.6
5274,1681.8,1583.9699192269177,97.83008077308229,1681.8,27.4,29.5,26.9
5275,1001.2,1306.5311988021554,-305.3311988021553,1001.2,26.7,28.1,26.7
5276,660.9,760.855479287942,-99.955479287942,660.9,27.0,27.7,26.2
5277,198.8,16.22793383142772,182.5720661685723,198.8,23.9,27.0,23.9
5278,0.0,26.96514196950825,-26.96514196950825,0.0,21.2,23.9,21.2
5279,0.0,2.247575150680269e-15,-2.247575150680269e-15,0.0,19.3,21.4,19.3
5280,0.0,0.0,0.0,0.0,18.3,19.3,18.3
5281,0.0,0.0,0.0,0.0,18.4,19.0,17.7
5282,0.0,1.4231251222200558e-63,-1.4231251222200558e-63,0.0,17.5,19.5,17.5
5283,0.0,0.0,0.0,0.0,17.6,17.6,16.8
5284,0.0,0.0,0.0,0.0,17.0,17.9,16.8
5285,0.0,0.0,0.0,0.0,16.9,17.4,16.8
5286,0.0,0.0,0.0,0.0,16.8,17.6,16.5
5287,0.0,0.0,0.0,0.0,16.5,17.8,15.9
5288,0.0,5e-324,-5e-324,0.0,17.7,17.9,16.2
5289,0.0,0.0,0.0,0.0,16.8,17.7,16.7
5290,31.6,18.379122449399997,13.220877550600008,31.6,16.3,16.8,16.1
5291,584.9,525.4327014352317,59.46729856476827,584.9,17.3,17.4,16.2
5292,1339.5,1334.120788256506,5.379211743494125,1339.5,18.7,19.0,17.1
5293,1843.2,1768.585527511768,74.6144724882322,1843.2,20.4,20.7,18.5
5294,2693.9,2466.3131837998703,227.58681620012976,2693.9,22.8,23.8,20.3
5295,2965.8,2597.88983298189,367.9101670181103,2965.8,25.4,25.5,22.8
5296,2988.7,1751.855381172389,1236.8446188276112,2988.7,27.4,27.6,25.1
5297,2576.5,2741.0468487748158,-164.54684877481532,2576.5,27.6,28.6,26.2
5298,2291.0,2092.6338161848976,198.36618381510243,2291.0,27.3,28.9,26.9
5299,1544.2,1322.642639161152,221.5573608388479,1544.2,26.6,28.3,26.6
5300,696.4,1167.1340925532124,-470.73409255321246,696.4,25.9,27.5,25.3
5301,243.7,152.01830322773537,91.68169677226462,243.7,22.8,25.9,22.8
5302,0.0,41.10436393010613,-41.10436393010613,0.0,21.3,22.8,21.3
5303,0.0,0.0,0.0,0.0,20.2,21.3,20.2
5304,0.0,0.0,0.0,0.0,19.2,20.2,19.1
5305,0.0,2.765884510863412e-47,-2.765884510863412e-47,0.0,18.3,19.2,18.1
5306,0.0,0.0,0.0,0.0,17.4,18.3,17.3
5307,0.0,5.942655513707315e-79,-5.942655513707315e-79,0.0,17.0,17.5,16.9
5308,0.0,5.038424532781452e-93,-5.038424532781452e-93,0.0,16.4,17.0,16.3
5309,0.0,0.0,0.0,0.0,15.3,16.4,15.3
5310,0.0,0.0,0.0,0.0,14.1,15.5,14.0
5311,0.0,0.0,0.0,0.0,13.5,14.2,13.3
5312,0.0,6.619615382873196e-160,-6.619615382873196e-160,0.0,12.8,13.5,12.3
5313,0.0,1.1056459995977081e-16,-1.1056459995977081e-16,0.0,11.6,12.8,11.1
5314,36.0,20.976533567385943,15.023466432614056,36.0,12.2,12.2,10.8
5315,632.4,529.2670004407778,103.13299955922218,632.4,16.2,16.2,12.2
5316,1457.2,1319.7163332556652,137.48366674433487,1457.2,19.2,19.2,16.2
5317,2241.6,1739.4377574173714,502.16224258262855,2241.6,21.5,21.6,19.2
5318,2760.5,2805.3162252787047,-44.81622527870468,2760.5,23.9,24.3,21.5
5319,3043.4,2645.561351222651,397.83864877734914,3043.4,26.6,27.4,24.0
5320,3039.4,2237.0641540260767,802.3358459739234,3039.4,27.6,28.0,26.0
5321,2804.0,2796.00619646152,7.993803538480279,2804.0,28.2,28.5,27.1
5322,2330.6,2274.3083660048783,56.29163399512163,2330.6,27.9,28.8,26.9
5323,1826.8,1489.1705178691775,337.62948213082245,1826.8,28.1,28.8,27.8
5324,1045.3,1034.5702954444648,10.729704555535136,1045.3,27.3,28.2,27.1
5325,257.2,472.3433868731128,-215.1433868731128,257.2,24.8,27.3,24.8
5326,0.0,35.8654689223808,-35.8654689223808,0.0,22.0,24.8,22.0
5327,0.0,4.468863271681993e-15,-4.468863271681993e-15,0.0,21.5,22.6,20.6
5328,0.0,0.0,0.0,0.0,20.2,21.6,20.2
5329,0.0,0.0,0.0,0.0,18.9,20.4,18.9
5330,0.0,0.0,0.0,0.0,18.1,19.1,18.1
5331,0.0,1.5035764004651111e-114,-1.5035764004651111e-114,0.0,16.7,18.2,16.7
5332,0.0,4.716215223296944e-96,-4.716215223296944e-96,0.0,16.3,16.7,16.2
5333,0.0,0.0,0.0,0.0,15.3,16.4,15.2
5334,0.0,0.0,0.0,0.0,14.5,15.4,14.5
5335,0.0,0.0,0.0,0.0,14.1,14.7,14.1
5336,0.0,1.4349873380491497e-259,-1.4349873380491497e-259,0.0,13.4,14.3,13.1
5337,0.0,0.0,0.0,0.0,10.7,13.4,10.6
5338,22.3,30.494789971798905,-8.194789971798905,22.3,10.6,11.0,10.3
5339,603.0,543.5958879393594,59.40411206064061,603.0,16.3,16.3,10.6
5340,1464.3,1295.0359331737318,169.26406682626816,1464.3,18.9,19.1,16.3
5341,2200.6,1972.6520577036551,227.9479422963448,2200.6,20.6,21.0,18.6
5342,2737.7,2681.765069091777,55.93493090822267,2737.7,23.6,23.7,20.5
5343,3027.8,2884.216422690469,143.5835773095314,3027.8,26.2,26.2,23.5
5344,3045.4,2917.7133839943144,127.68661600568566,3045.4,27.3,27.4,25.3
5345,2849.7,2634.131337274443,215.5686627255568,2849.7,27.6,27.7,26.2
5346,2476.5,2349.028867331037,127.47113266896304,2476.5,27.5,27.7,26.7
5347,1891.5,1770.329161332084,121.17083866791609,1891.5,26.9,27.7,26.6
5348,1101.1,1021.5471480832856,79.55285191671419,1101.1,26.3,27.4,26.3
5349,247.4,422.3572192635877,-174.95721926358763,247.4,23.1,26.3,23.1
5350,0.0,13.640462898147575,-13.640462898147575,0.0,21.1,23.1,20.0
5351,0.0,0.0,0.0,0.0,20.3,21.5,19.7
5352,0.0,0.0,0.0,0.0,19.0,20.4,18.9
5353,0.0,0.0,0.0,0.0,17.8,19.1,17.6
5354,0.0,0.0,0.0,0.0,16.6,17.8,16.6
5355,0.0,0.0,0.0,0.0,15.5,16.8,15.4
5356,0.0,0.0,0.0,0.0,14.7,15.6,14.4
5357,0.0,0.0,0.0,0.0,13.9,14.8,13.8
5358,0.0,0.0,0.0,0.0,11.0,13.9,11.0
5359,0.0,0.0,0.0,0.0,10.2,11.5,10.1
5360,0.0,0.0,0.0,0.0,11.7,12.3,10.1
5361,0.0,0.0,0.0,0.0,8.0,11.7,8.0
5362,39.5,26.084935811633432,13.415064188366568,39.5,9.3,9.3,7.6
5363,680.2,564.4438966077262,115.75610339227389,680.2,15.2,15.2,9.3
5364,1567.9,1394.0538980906622,173.8461019093379,1567.9,18.1,18.2,15.2
5365,2302.4,2159.0435130733126,143.35648692668747,2302.4,19.4,19.8,18.0
5366,2845.7,2666.657276858723,179.04272314127684,2845.7,21.6,21.6,19.4
5367,3144.6,2967.498704507628,177.10129549237172,3144.6,22.8,23.1,21.2
5368,3124.5,2999.6499854519543,124.85001454804568,3124.5,25.1,25.2,22.8
5369,2888.3,2789.257026355999,99.042973644001,2888.3,26.7,26.8,24.8
5370,2496.1,2382.2817588452413,113.81824115475864,2496.1,27.9,28.0,26.7
5371,1925.4,1883.0880272696363,42.31197273036378,1925.4,27.7,28.2,27.4
5372,1121.5,1124.76412703645,-3.2641270364499637,1121.5,26.5,27.7,26.5
5373,285.6,324.06241001098243,-38.46241001098241,285.6,23.9,26.5,23.9
5374,0.0,36.74907298584645,-36.74907298584645,0.0,20.3,23.9,20.3
5375,0.0,0.0,0.0,0.0,18.4,20.3,17.9
5376,0.0,0.0,0.0,0.0,20.2,20.4,18.2
5377,0.0,3.5957078551508464e-63,-3.5957078551508464e-63,0.0,17.0,20.3,16.8
5378,0.0,0.0,0.0,0.0,16.6,18.2,15.5
5379,0.0,0.0,0.0,0.0,15.5,17.0,15.5
5380,0.0,0.0,0.0,0.0,13.6,17.1,13.6
5381,0.0,0.0,0.0,0.0,15.6,15.6,13.1
5382,0.0,0.0,0.0,0.0,13.1,17.1,13.1
5383,0.0,0.0,0.0,0.0,16.9,16.9,12.7
5384,0.0,0.0,0.0,0.0,16.8,16.9,16.2
5385,0.0,2.7365215565860004e-178,-2.7365215565860004e-178,0.0,16.2,16.9,16.2
5386,15.4,28.07395230475472,-12.673952304754716,15.4,16.5,16.5,15.5
5387,473.1,571.5571795185873,-98.45717951858728,473.1,18.7,18.8,16.5
5388,1377.0,1301.2861709083993,75.7138290916007,1377.0,20.8,20.8,18.7
5389,2241.6,2037.1270379253515,204.4729620746484,2241.6,22.9,22.9,20.7
5390,2765.5,2651.7942150812933,113.70578491870674,2765.5,25.5,25.6,22.5
5391,3057.8,2940.771841104258,117.02815889574232,3057.8,26.3,26.5,25.2
5392,3075.7,2956.0397085880586,119.66029141194122,3075.7,28.9,28.9,26.1
5393,2844.8,2773.075769625516,71.72423037448425,2844.8,29.1,29.3,28.1
5394,1692.3,2405.1037136736973,-712.8037136736973,1692.3,28.2,29.9,27.8
5395,650.7,1374.3238244900988,-723.6238244900987,650.7,28.1,28.5,27.8
5396,562.9,325.7407695657614,237.15923043423857,562.9,27.9,28.1,27.0
5397,346.3,0.0,346.3,346.3,26.3,28.1,26.3
5398,0.0,66.61403604323047,-66.61403604323047,0.0,24.0,26.3,24.0
5399,0.0,0.0,0.0,0.0,24.9,25.0,22.5
5400,0.0,2.8932812288938736e-32,-2.8932812288938736e-32,0.0,24.0,25.1,23.9
5401,0.0,0.0,0.0,0.0,21.8,24.0,21.2
5402,0.0,0.0,0.0,0.0,20.1,23.0,20.0
5403,0.0,0.0,0.0,0.0,22.1,22.9,19.8
5404,0.0,0.0,0.0,0.0,20.9,22.1,20.9
5405,0.0,0.0,0.0,0.0,20.9,21.0,18.3
5406,0.0,0.0,0.0,0.0,19.9,20.9,19.9
5407,0.0,0.0,0.0,0.0,18.3,19.9,18.3
5408,0.0,1.4289317955143852e-159,-1.4289317955143852e-159,0.0,18.6,18.6,17.3
5409,0.0,5.4e-323,-5.4e-323,0.0,19.0,19.4,18.5
5410,26.7,24.49598174152331,2.2040182584766903,26.7,17.8,19.0,17.4
5411,554.7,520.5603922246515,34.13960777534851,554.7,21.2,21.2,17.8
5412,1468.1,1353.096982229294,115.00301777070604,1468.1,22.9,22.9,21.2
5413,2119.2,2143.308077492604,-24.108077492604025,2119.2,24.3,24.5,22.7
5414,2581.7,2579.164668071318,2.5353319286818987,2581.7,26.4,26.4,24.3
5415,3148.8,2833.976774279662,314.8232257203381,3148.8,27.5,28.0,26.2
5416,2911.3,3021.7739821446085,-110.47398214460829,2911.3,28.4,29.2,27.2
5417,2555.0,2661.344812653282,-106.34481265328212,2555.0,28.4,29.1,27.2
5418,2397.4,1859.1473460628995,538.2526539371006,2397.4,29.2,29.3,28.3
5419,1758.8,1469.5506724137472,289.2493275862528,1758.8,29.4,29.6,28.5
5420,1021.8,1138.0484910413954,-116.24849104139548,1021.8,28.3,29.7,28.3
5421,187.1,454.57226622716746,-267.47226622716744,187.1,26.2,28.3,26.2
5422,0.0,0.0,0.0,0.0,24.6,26.2,24.6
5423,0.0,0.0,0.0,0.0,24.2,24.7,24.1
5424,0.0,0.0,0.0,0.0,23.4,24.2,23.2
5425,0.0,0.0,0.0,0.0,23.0,23.4,22.9
5426,0.0,3.8291395239832975e-64,-3.8291395239832975e-64,0.0,22.1,23.0,22.1
5427,0.0,0.0,0.0,0.0,21.2,22.1,21.2
5428,0.0,1.8537316471073557e-273,-1.8537316471073557e-273,0.0,20.7,21.2,20.7
5429,0.0,0.0,0.0,0.0,20.5,20.7,20.4
5430,0.0,0.0,0.0,0.0,20.4,20.8,20.4
5431,0.0,0.0,0.0,0.0,19.9,20.4,19.7
5432,0.0,0.0,0.0,0.0,19.2,20.0,19.2
5433,0.0,0.0,0.0,0.0,19.3,19.4,19.0
5434,41.2,19.278058132208628,21.92194186779137,41.2,19.1,19.3,18.6
5435,629.9,480.9556230848812,148.94437691511882,629.9,20.9,21.1,19.1
5436,1463.5,1393.3104067476525,70.18959325234755,1463.5,22.1,22.3,20.9
5437,2222.5,2082.4793836216645,140.0206163783355,2222.5,24.4,24.6,22.1
5438,2706.6,2576.4528215595683,130.14717844043162,2706.6,24.9,25.6,24.0
5439,2993.4,2995.259642349811,-1.8596423498111108,2993.4,26.1,26.6,24.8
5440,2996.9,2823.0203014759672,173.87969852403285,2996.9,27.5,27.6,26.1
5441,2892.1,2622.615284693138,269.48471530686174,2892.1,28.2,28.3,27.0
5442,2439.2,2150.45156281547,288.74843718452985,2439.2,28.0,28.5,27.5
5443,1693.8,1473.757951014472,220.04204898552803,1693.8,26.6,28.2,26.6
5444,1026.4,1093.2548670764252,-66.85486707642508,1026.4,27.2,27.7,26.6
5445,332.0,427.5353741599134,-95.53537415991336,332.0,25.6,27.2,25.6
5446,0.0,58.63864604036544,-58.63864604036544,0.0,24.0,25.5,24.0
5447,0.0,0.0,0.0,0.0,22.7,24.1,22.7
5448,0.0,2.2557231083678817e-31,-2.2557231083678817e-31,0.0,22.2,22.8,22.1
5449,0.0,0.0,0.0,0.0,21.5,22.3,21.2
5450,0.0,0.0,0.0,0.0,20.6,21.5,20.5
5451,0.0,0.0,0.0,0.0,20.6,20.8,20.5
5452,0.0,1.3280718956310373e-89,-1.3280718956310373e-89,0.0,20.0,20.8,20.0
5453,0.0,0.0,0.0,0.0,18.6,20.1,18.6
5454,0.0,0.0,0.0,0.0,18.0,18.6,17.9
5455,0.0,0.0,0.0,0.0,17.4,18.1,17.4
5456,0.0,0.0,0.0,0.0,16.6,17.4,16.6
5457,0.0,0.0,0.0,0.0,15.9,16.6,15.7
5458,45.0,31.11946839903621,13.880531600963783,45.0,16.1,16.1,15.8
5459,694.1,548.0075485992323,146.0924514007677,694.1,17.7,17.8,16.1
5460,1525.2,1428.2309142126046,96.96908578739544,1525.2,19.7,19.7,17.7
5461,2273.5,2095.6609556987414,177.83904430125858,2273.5,21.8,22.1,19.7
5462,2822.3,2592.762805349856,229.53719465014456,2822.3,23.7,23.8,21.8
5463,3152.8,3049.6329426675225,103.16705733247773,3152.8,25.2,25.3,23.7
5464,3062.2,2915.9945235998784,146.20547640012137,3062.2,26.4,26.5,24.9
5465,2780.8,2718.5884505064087,62.21154949359152,2780.8,27.1,27.7,26.0
5466,2419.8,2386.582281454071,33.217718545929074,2419.8,27.6,27.8,26.5
5467,1950.7,1706.8205323476143,243.87946765238556,1950.7,26.8,27.7,26.7
5468,1181.2,1172.1059319412154,9.094068058784616,1181.2,26.4,27.0,26.4
5469,303.2,396.581812168644,-93.381812168644,303.2,24.6,26.4,24.6
5470,0.0,40.48126804994965,-40.48126804994965,0.0,22.7,24.6,22.7
5471,0.0,2.1224934734802733e-15,-2.1224934734802733e-15,0.0,22.2,22.7,21.9
5472,0.0,0.0,0.0,0.0,21.3,22.2,21.3
5473,0.0,0.0,0.0,0.0,20.5,21.3,20.4
5474,0.0,0.0,0.0,0.0,19.5,20.5,19.4
5475,0.0,0.0,0.0,0.0,18.7,19.5,18.6
5476,0.0,0.0,0.0,0.0,18.9,18.9,18.5
5477,0.0,0.0,0.0,0.0,18.1,18.9,18.1
5478,0.0,0.0,0.0,0.0,17.5,18.1,17.5
5479,0.0,0.0,0.0,0.0,17.1,17.5,17.0
5480,0.0,0.0,0.0,0.0,16.5,17.1,16.5
5481,0.0,0.0,0.0,0.0,15.8,16.5,15.7
5482,43.9,39.32100783510944,4.578992164890565,43.9,16.2,16.2,15.4
5483,660.1,606.9340020514054,53.16599794859462,660.1,18.3,18.3,16.2
5484,1524.5,1397.1250388458234,127.37496115417662,1524.5,19.8,20.4,18.3
5485,2276.9,2150.0352118869964,126.86478811300368,2276.9,22.0,22.0,19.7
5486,2818.2,2663.23184754097,154.96815245902962,2818.2,23.8,24.2,21.9
5487,3102.0,2988.999053805879,113.00094619412084,3102.0,25.2,25.2,23.6
5488,3108.7,2948.7793342811424,159.92066571885744,3108.7,26.1,26.3,25.1
5489,2883.5,2799.7639560724856,83.7360439275144,2883.5,27.5,27.5,26.0
5490,2442.2,2401.951752966333,40.2482470336663,2442.2,27.3,27.8,26.6
5491,1897.0,1808.5883938084887,88.41160619151128,1897.0,27.6,27.6,27.0
5492,1144.8,1153.7995101421952,-8.999510142195277,1144.8,26.5,27.8,26.5
5493,297.4,374.1823380924451,-76.78233809244512,297.4,24.7,26.6,24.7
5494,0.0,5.366527131068722,-5.366527131068722,0.0,22.8,24.7,22.8
5495,0.0,0.0,0.0,0.0,21.1,22.8,21.1
5496,0.0,0.0,0.0,0.0,21.3,21.6,21.1
5497,0.0,0.0,0.0,0.0,20.4,21.5,20.4
5498,0.0,0.0,0.0,0.0,16.7,20.4,16.7
5499,0.0,0.0,0.0,0.0,15.6,17.6,15.5
5500,0.0,0.0,0.0,0.0,14.6,15.6,14.4
5501,0.0,0.0,0.0,0.0,14.5,14.8,14.2
5502,0.0,3.56e-322,-3.56e-322,0.0,13.7,14.7,13.5
5503,0.0,0.0,0.0,0.0,13.9,14.8,13.7
5504,0.0,0.0,0.0,0.0,13.8,14.0,13.0
5505,0.0,0.0,0.0,0.0,13.7,15.0,13.3
5506,50.9,40.49095712692471,10.409042873075286,50.9,14.4,14.4,13.1
5507,698.9,623.046227940005,75.85377205999498,698.9,20.8,20.8,14.5
5508,1548.0,1441.5674217348123,106.43257826518766,1548.0,21.5,21.6,20.6
5509,2308.1,2173.358755695885,134.7412443041144,2308.1,23.6,24.0,21.2
5510,2860.2,2718.050748320149,142.1492516798503,2860.2,25.3,26.1,23.6
5511,3149.2,3032.198130849294,117.00186915070572,3149.2,26.2,26.3,25.0
5512,3136.4,3001.9935652376307,134.40643476236937,3136.4,27.3,27.7,26.1
5513,2890.1,2787.023237702408,103.0767622975918,2890.1,27.7,28.2,27.0
5514,2398.7,2409.509214301069,-10.809214301069003,2398.7,27.6,28.1,27.3
5515,1919.9,1867.538507203146,52.36149279685401,1919.9,27.9,28.0,27.4
5516,1152.6,1164.6025570087693,-12.002557008769372,1152.6,26.7,28.0,26.7
5517,310.4,331.86561877191014,-21.46561877191016,310.4,25.3,26.7,25.3
5518,0.0,22.923306155163917,-22.923306155163917,0.0,24.0,25.3,24.0
5519,0.0,0.0,0.0,0.0,23.3,24.2,23.3
5520,0.0,1.2750127449365495e-31,-1.2750127449365495e-31,0.0,22.3,23.4,22.3
5521,0.0,4.0655060659891677e-47,-4.0655060659891677e-47,0.0,21.8,22.3,21.7
5522,0.0,0.0,0.0,0.0,20.9,21.9,20.8
5523,0.0,0.0,0.0,0.0,20.6,21.2,20.5
5524,0.0,0.0,0.0,0.0,19.9,20.9,19.8
5525,0.0,0.0,0.0,0.0,16.4,20.0,16.3
5526,0.0,0.0,0.0,0.0,14.5,16.4,14.5
5527,0.0,0.0,0.0,0.0,14.2,15.3,14.0
5528,0.0,0.0,0.0,0.0,16.7,18.4,14.0
5529,0.0,0.0,0.0,0.0,17.6,17.8,16.6
5530,45.7,43.41169420074655,2.2883057992534503,45.7,18.4,18.4,17.5
5531,699.4,622.2383647269199,77.16163527308004,699.4,19.6,19.6,18.4
5532,1589.8,1451.490456814805,138.30954318519505,1589.8,21.1,21.2,19.6
5533,2333.8,2210.4362942194057,123.3637057805945,2333.8,23.8,23.8,21.1
5534,2860.6,2743.5228965648807,117.07710343511916,2860.6,25.3,25.8,23.7
5535,3112.9,3022.548899733695,90.35110026630493,3112.9,27.0,27.0,25.3
5536,3137.2,3013.5857568290467,123.61424317095316,3137.2,27.0,27.5,26.1
5537,2937.5,2815.3481946483066,122.15180535169338,2937.5,27.1,27.6,26.4
5538,2551.6,2398.5694703878357,153.03052961216463,2551.6,27.0,28.1,26.9
5539,1966.1,1958.688016729227,7.411983270772907,1966.1,26.9,27.8,26.7
5540,1186.1,1189.3841463294775,-3.284146329477608,1186.1,26.2,27.5,26.2
5541,323.8,364.12160316770905,-40.32160316770904,323.8,24.7,26.2,24.7
5542,0.0,28.89584778839307,-28.89584778839307,0.0,21.9,24.7,21.9
5543,0.0,0.0,0.0,0.0,21.3,21.9,20.4
5544,0.0,0.0,0.0,0.0,18.7,21.4,18.7
5545,0.0,0.0,0.0,0.0,20.7,20.7,17.2
5546,0.0,0.0,0.0,0.0,21.0,21.8,20.7
5547,0.0,0.0,0.0,0.0,20.6,21.0,20.6
5548,0.0,0.0,0.0,0.0,20.0,20.6,19.8
5549,0.0,1.5325509737997283e-177,-1.5325509737997283e-177,0.0,19.5,20.1,19.5
5550,0.0,0.0,0.0,0.0,18.1,19.5,18.1
5551,0.0,0.0,0.0,0.0,14.7,18.1,14.6
5552,0.0,0.0,0.0,0.0,16.1,16.1,13.5
5553,0.0,5.2e-322,-5.2e-322,0.0,13.2,16.2,13.2
5554,47.7,43.9578151252538,3.742184874746208,47.7,16.5,16.5,12.8
5555,678.9,640.2066737233541,38.69332627664585,678.9,18.9,18.9,16.5
5556,1567.4,1458.0051552050147,109.39484479498536,1567.4,20.9,20.9,19.0
5557,2298.7,2203.0704570962807,95.62954290371908,2298.7,22.8,23.1,20.9
5558,2823.8,2723.421890424056,100.37810957594412,2823.8,25.6,25.7,22.6
5559,3102.8,2990.748002587086,112.05199741291426,3102.8,26.9,27.1,25.5
5560,3072.2,3017.460742857302,54.73925714269717,3072.2,27.8,28.0,26.9
5561,2877.0,2791.927406514096,85.07259348590378,2877.0,28.2,28.5,27.8
5562,2485.9,2398.39283964919,87.50716035080995,2485.9,28.6,29.0,28.1
5563,1818.9,1914.9465926313048,-96.04659263130452,1818.9,28.5,29.2,28.1
5564,1097.1,1095.9610439904056,1.138956009594267,1097.1,28.0,28.5,27.8
5565,289.0,307.9784168131074,-18.9784168131074,289.0,25.8,28.0,25.8
5566,0.0,0.0,0.0,0.0,24.5,25.8,24.4
5567,0.0,0.0,0.0,0.0,23.8,24.8,23.7
5568,0.0,0.0,0.0,0.0,21.9,23.9,21.8
5569,0.0,0.0,0.0,0.0,21.8,22.1,21.5
5570,0.0,0.0,0.0,0.0,21.1,21.8,21.0
5571,0.0,0.0,0.0,0.0,18.6,21.2,18.6
5572,0.0,0.0,0.0,0.0,19.9,20.7,17.7
5573,0.0,0.0,0.0,0.0,19.7,20.0,19.6
5574,0.0,0.0,0.0,0.0,15.2,19.8,15.1
5575,0.0,0.0,0.0,0.0,16.9,17.0,14.6
5576,0.0,0.0,0.0,0.0,18.9,18.9,15.2
5577,0.0,0.0,0.0,0.0,17.1,18.9,17.1
5578,63.9,42.69871524191047,21.20128475808953,63.9,18.3,18.3,15.9
5579,632.1,642.4194069867065,-10.31940698670644,632.1,20.2,20.2,18.2
5580,1544.8,1443.4212734362404,101.37872656375951,1544.8,22.9,22.9,20.2
5581,2200.2,2180.03433022214,20.165669777859875,2200.2,25.0,25.1,22.6
5582,2831.7,2649.0784640694965,182.6215359305033,2831.7,26.5,27.0,25.0
5583,3128.7,2987.3461224162656,141.35387758373415,3128.7,28.0,28.1,26.4
5584,3101.3,3017.2418840501823,84.05811594981787,3101.3,29.1,29.3,28.0
5585,2922.4,2822.2524858280526,100.14751417194748,2922.4,29.1,29.9,28.5
5586,2590.0,2468.054384950833,121.94561504916692,2590.0,29.1,29.8,28.9
5587,2001.7,1908.3578156180884,93.3421843819117,2001.7,28.9,29.6,28.7
5588,1198.3,1214.2302331867925,-15.93023318679252,1198.3,28.0,28.9,27.9
5589,314.4,377.7163857242388,-63.31638572423879,314.4,26.1,28.1,26.1
5590,0.0,22.037545692298096,-22.037545692298096,0.0,25.0,26.1,24.8
5591,0.0,0.0,0.0,0.0,23.4,25.0,23.4
5592,0.0,0.0,0.0,0.0,23.0,23.4,22.7
5593,0.0,0.0,0.0,0.0,22.9,23.2,22.6
5594,0.0,0.0,0.0,0.0,21.4,22.9,21.4
5595,0.0,0.0,0.0,0.0,20.7,21.4,20.6
5596,0.0,0.0,0.0,0.0,20.6,20.9,20.4
5597,0.0,0.0,0.0,0.0,21.1,21.6,20.5
5598,0.0,2.042552838192072e-161,-2.042552838192072e-161,0.0,19.3,21.2,19.3
5599,0.0,0.0,0.0,0.0,18.5,19.3,17.7
5600,0.0,0.0,0.0,0.0,17.9,18.5,17.8
5601,0.0,0.0,0.0,0.0,18.2,18.4,17.8
5602,53.9,51.39527666060226,2.504723339397735,53.9,18.0,18.2,17.2
5603,793.9,601.1449415022217,192.75505849777824,793.9,20.0,20.0,18.0
5604,1561.9,1546.834182171553,15.065817828447052,1561.9,22.5,22.5,20.0
5605,2435.3,2144.6771748049514,290.6228251950488,2435.3,24.3,24.3,22.1
5606,2960.8,2826.804084215478,133.99591578452237,2960.8,25.5,25.6,24.3
5607,3257.5,3087.2429619829927,170.2570380170073,3257.5,26.5,26.8,25.5
5608,3276.1,3081.224121702656,194.8758782973437,3276.1,27.7,28.0,26.5
5609,3031.3,2938.4852116323727,92.81478836762744,3031.3,28.2,28.9,27.4
5610,2610.3,2561.800747663641,48.49925233635895,2610.3,28.5,29.3,28.3
5611,2029.2,1931.1375497199983,98.06245028000173,2029.2,29.2,29.6,28.4
5612,1225.1,1226.1542511036137,-1.0542511036137512,1225.1,28.5,29.2,28.5
5613,325.9,384.4384379290823,-58.53843792908231,325.9,25.7,28.5,25.7
5614,0.0,30.67585202330133,-30.67585202330133,0.0,23.1,25.7,22.7
5615,0.0,0.0,0.0,0.0,23.0,24.1,23.0
5616,0.0,1.2317753983840923e-31,-1.2317753983840923e-31,0.0,18.6,23.1,18.6
5617,0.0,0.0,0.0,0.0,20.2,20.9,18.0
5618,0.0,0.0,0.0,0.0,20.5,21.1,19.2
5619,0.0,5e-324,-5e-324,0.0,20.9,21.1,20.3
5620,0.0,0.0,0.0,0.0,19.1,20.9,19.1
5621,0.0,0.0,0.0,0.0,19.8,19.9,18.5
5622,0.0,1.576677511045007e-129,-1.576677511045007e-129,0.0,18.5,19.8,18.4
5623,0.0,3.823522477318971e-145,-3.823522477318971e-145,0.0,13.5,18.5,13.5
5624,0.0,0.0,0.0,0.0,15.2,15.2,13.4
5625,0.0,0.0,0.0,0.0,15.5,17.5,13.6
5626,73.1,53.75769509372121,19.342304906278784,73.1,16.4,16.4,15.5
5627,675.2,668.5072786431936,6.692721356806487,675.2,18.8,19.0,16.4
5628,1368.0,1435.0886999034458,-67.08869990344579,1368.0,20.7,20.7,18.8
5629,2073.1,2093.4256220659145,-20.32562206591456,2073.1,22.8,22.8,20.7
5630,2712.5,2621.455769545505,91.04423045449494,2712.5,24.6,24.9,22.8
5631,2997.3,2963.164134673916,34.13586532608406,2997.3,26.6,27.0,24.6
5632,3095.8,2968.1317950469493,127.66820495305092,3095.8,28.3,28.8,26.7
5633,2800.4,2836.192841044693,-35.79284104469298,2800.4,28.5,28.7,27.9
5634,2408.0,2426.855383078216,-18.85538307821571,2408.0,28.9,29.4,28.2
5635,1858.2,1862.933134270575,-4.733134270574965,1858.2,29.2,29.4,28.5
5636,1033.1,1117.6235887906169,-84.52358879061694,1033.1,27.7,29.2,27.7
5637,286.1,245.29481192449407,40.80518807550595,286.1,26.0,27.7,26.0
5638,1.4,0.0,1.4,1.4,24.6,26.0,24.6
5639,0.0,0.8722267692304931,-0.8722267692304931,0.0,23.8,24.6,23.7
5640,0.0,0.0,0.0,0.0,22.9,23.8,22.8
5641,0.0,0.0,0.0,0.0,22.0,23.0,22.0
5642,0.0,0.0,0.0,0.0,21.5,22.2,21.5
5643,0.0,0.0,0.0,0.0,19.6,21.5,19.6
5644,0.0,0.0,0.0,0.0,20.0,20.0,19.0
5645,0.0,0.0,0.0,0.0,20.2,20.9,19.9
5646,0.0,0.0,0.0,0.0,14.6,20.2,14.6
5647,0.0,0.0,0.0,0.0,14.6,15.1,14.3
5648,0.0,0.0,0.0,0.0,14.3,14.7,14.2
5649,0.0,0.0,0.0,0.0,15.1,15.1,14.1
5650,52.5,58.44622505153201,-5.946225051532011,52.5,19.0,19.0,14.1
5651,730.3,666.8182300191941,63.48176998080589,730.3,20.7,20.8,19.0
5652,1607.7,1374.986439227838,232.71356077216203,1607.7,22.5,22.5,20.7
5653,2361.0,2224.988908397745,136.01109160225496,2361.0,24.6,24.6,22.2
5654,2877.5,2780.991046721448,96.50895327855189,2877.5,25.8,25.9,24.2
5655,3155.8,3035.550766738831,120.24923326116914,3155.8,27.6,27.8,25.7
5656,3095.2,3098.1712196273274,-2.971219627327628,3095.2,28.3,28.8,27.3
5657,2977.9,2778.395041715111,199.5049582848892,2977.9,28.9,29.2,28.1
5658,2605.7,2487.514198780886,118.18580121911371,2605.7,29.3,29.4,28.4
5659,1997.0,1969.9994837761144,27.00051622388537,1997.0,28.8,29.3,28.4
5660,1208.2,1166.962108103341,41.237891896658994,1208.2,28.4,29.1,28.2
5661,324.5,389.3534256244611,-64.85342562446112,324.5,26.2,28.4,26.2
5662,0.0,28.483669011937707,-28.483669011937707,0.0,24.7,26.2,24.7
5663,0.0,0.0,0.0,0.0,23.6,24.7,23.6
5664,0.0,0.0,0.0,0.0,23.3,23.6,23.0
5665,0.0,0.0,0.0,0.0,22.9,23.4,22.8
5666,0.0,0.0,0.0,0.0,22.3,22.9,22.2
5667,0.0,0.0,0.0,0.0,21.3,22.3,21.3
5668,0.0,0.0,0.0,0.0,21.0,21.3,20.9
5669,0.0,0.0,0.0,0.0,20.5,21.0,20.5
5670,0.0,0.0,0.0,0.0,20.2,20.7,20.2
5671,0.0,0.0,0.0,0.0,20.3,20.4,19.9
5672,0.0,0.0,0.0,0.0,20.1,20.8,20.1
5673,0.0,0.0,0.0,0.0,19.4,20.1,19.2
5674,53.5,57.14277159673853,-3.642771596738527,53.5,20.3,20.3,19.0
5675,750.8,641.4510210266905,109.3489789733095,750.8,21.3,21.5,20.3
5676,1643.5,1431.2315597254446,212.26844027455536,1643.5,22.9,23.0,21.2
5677,2414.7,2205.860521691376,208.83947830862417,2414.7,25.2,25.2,22.8
5678,2935.9,2797.1933406709977,138.70665932900238,2935.9,26.8,26.8,24.9
5679,3219.3,3051.2652850838745,168.03471491612572,3219.3,28.0,28.1,26.4
5680,3248.9,3082.396619852381,166.50338014761928,3248.9,28.5,29.0,27.3
5681,3020.4,2905.3768654890114,115.02313451098873,3020.4,28.9,29.1,28.2
5682,2617.1,2529.489914050471,87.6100859495291,2617.1,28.8,29.3,28.3
5683,2020.0,1965.0021441515391,54.99785584846086,2020.0,28.8,29.4,28.4
5684,1215.0,1185.805425732499,29.19457426750091,1215.0,27.8,29.1,27.8
5685,319.9,395.80998522095655,-75.90998522095657,319.9,26.1,27.9,26.1
5686,0.0,25.352336177691058,-25.352336177691058,0.0,24.9,26.1,24.9
5687,0.0,0.0,0.0,0.0,24.0,24.9,23.9
5688,0.0,1.4201980773460898e-17,-1.4201980773460898e-17,0.0,23.5,24.1,23.5
5689,0.0,0.0,0.0,0.0,23.3,23.6,22.9
5690,0.0,0.0,0.0,0.0,21.6,23.3,21.6
5691,0.0,0.0,0.0,0.0,21.3,21.6,20.5
5692,0.0,0.0,0.0,0.0,21.3,21.6,21.1
5693,0.0,0.0,0.0,0.0,20.4,21.3,20.4
5694,0.0,0.0,0.0,0.0,19.6,20.5,19.5
5695,0.0,1.85e-321,-1.85e-321,0.0,19.3,19.6,19.0
5696,0.0,0.0,0.0,0.0,19.4,19.7,18.8
5697,0.0,0.0,0.0,0.0,19.1,19.5,18.8
5698,65.7,48.52576270754368,17.174237292456326,65.7,19.5,19.5,18.8
5699,779.2,688.8326302928939,90.36736970710616,779.2,20.2,20.4,19.4
5700,1679.8,1551.3281427553443,128.47185724465567,1679.8,21.9,21.9,20.2
5701,2421.8,2305.542148943278,116.2578510567223,2421.8,25.1,25.1,21.8
5702,2856.1,2808.024771599281,48.07522840071897,2856.1,26.4,26.4,24.7
5703,2956.2,3039.9448218395546,-83.74482183955479,2956.2,27.2,27.9,25.4
5704,3404.4,2929.4796427424653,474.9203572575348,3404.4,27.8,28.5,26.9
5705,3183.9,3056.0996494761503,127.80035052384984,3183.9,28.2,29.2,27.7
5706,2714.4,2663.0498247284227,51.35017527157743,2714.4,28.8,29.4,28.2
5707,2051.3,2040.3129880117629,10.987011988237327,2051.3,29.1,29.2,28.4
5708,1231.3,1241.082262921986,-9.782262921986105,1231.3,27.9,29.1,27.9
5709,333.5,369.9296752932991,-36.42967529329911,333.5,26.4,28.0,26.4
5710,0.0,23.44577950698718,-23.44577950698718,0.0,25.3,26.4,25.2
5711,0.0,0.0,0.0,0.0,23.9,25.3,23.9
5712,0.0,0.0,0.0,0.0,23.3,24.0,23.3
5713,0.0,0.0,0.0,0.0,22.8,23.6,22.8
5714,0.0,0.0,0.0,0.0,22.6,23.0,22.6
5715,0.0,0.0,0.0,0.0,21.4,22.6,21.4
5716,0.0,0.0,0.0,0.0,19.9,21.4,19.8
5717,0.0,2.56031014248476e-97,-2.56031014248476e-97,0.0,19.5,20.4,19.5
5718,0.0,0.0,0.0,0.0,19.6,19.9,18.0
5719,0.0,0.0,0.0,0.0,20.0,20.1,19.4
5720,0.0,0.0,0.0,0.0,18.9,20.1,18.9
5721,0.0,0.0,0.0,0.0,18.7,19.0,18.6
5722,62.3,55.02162755790732,7.278372442092682,62.3,19.4,19.4,18.6
5723,757.3,708.6552718652658,48.64472813473412,757.3,21.2,21.2,19.4
5724,1626.5,1561.8715962518622,64.62840374813777,1626.5,23.6,23.6,21.1
5725,2393.3,2284.7104914025854,108.5895085974148,2393.3,25.4,25.4,23.6
5726,2939.6,2766.8338506449845,172.7661493550154,2939.6,27.3,27.3,25.2
5727,3261.6,3007.104304590181,254.49569540981884,3261.6,27.8,28.5,26.8
5728,3357.8,3325.510062866647,32.289937133353305,3357.8,28.9,29.3,27.5
5729,3031.2,3038.6856706043245,-7.485670604324696,3031.2,29.0,29.7,28.5
5730,2162.9,2561.915274277781,-399.0152742777814,2162.9,28.9,30.3,28.1
5731,2007.4,1694.0428149672937,313.35718503270664,2007.4,29.2,29.9,28.9
5732,986.8,1208.1083282332756,-221.3083282332757,986.8,28.2,29.4,28.2
5733,177.3,215.08960389266656,-37.78960389266655,177.3,26.5,28.2,26.5
5734,0.0,0.0,0.0,0.0,25.8,26.5,25.8
5735,0.0,0.0,0.0,0.0,24.4,25.8,24.4
5736,0.0,0.0,0.0,0.0,23.7,24.4,23.7
5737,0.0,0.0,0.0,0.0,23.2,23.7,23.2
5738,0.0,0.0,0.0,0.0,22.3,23.2,22.2
5739,0.0,0.0,0.0,0.0,22.3,22.5,22.1
5740,0.0,0.0,0.0,0.0,21.6,22.3,21.6
5741,0.0,0.0,0.0,0.0,21.7,21.7,21.5
5742,0.0,0.0,0.0,0.0,21.7,21.9,21.6
5743,0.0,0.0,0.0,0.0,20.6,21.7,20.6
5744,0.0,7.0189644272675065e-177,-7.0189644272675065e-177,0.0,19.7,20.7,19.7
5745,0.0,0.0,0.0,0.0,19.3,19.7,17.2
5746,65.0,58.86152465961242,6.138475340387579,65.0,20.1,20.1,18.7
5747,658.0,710.6528050731035,-52.652805073103536,658.0,21.5,21.8,20.1
5748,1506.2,1490.8141717471583,15.38582825284152,1506.2,24.0,24.0,21.5
5749,2379.8,2206.7154302717763,173.08456972822387,2379.8,24.7,25.0,23.9
5750,2946.2,2770.229835196285,175.97016480371485,2946.2,26.7,27.1,24.7
5751,3143.8,3038.053425559172,105.74657444082824,3143.8,27.2,27.8,26.3
5752,3323.5,3283.0860764485888,40.41392355141125,3323.5,28.3,28.6,27.2
5753,2177.1,2989.218224872145,-812.1182248721452,2177.1,28.2,28.9,27.8
5754,2266.3,1816.2772996360825,450.0227003639179,2266.3,29.4,29.7,27.9
5755,2042.7,1886.1138586840173,156.5861413159828,2042.7,29.2,29.9,29.0
5756,1043.0,1124.9716212538476,-81.97162125384762,1043.0,27.9,29.3,27.9
5757,317.1,248.63062263391,68.46937736609004,317.1,26.7,28.2,26.7
5758,0.0,52.00882402634883,-52.00882402634883,0.0,25.6,26.7,25.5
5759,0.0,0.0,0.0,0.0,24.7,25.6,24.7
5760,0.0,5.769267463332987e-32,-5.769267463332987e-32,0.0,23.6,24.7,23.6
5761,0.0,0.0,0.0,0.0,22.9,23.7,22.9
5762,0.0,0.0,0.0,0.0,22.2,22.9,22.2
5763,0.0,0.0,0.0,0.0,21.5,22.2,21.5
5764,0.0,0.0,0.0,0.0,21.8,22.2,21.4
5765,0.0,0.0,0.0,0.0,21.4,21.8,20.7
5766,0.0,0.0,0.0,0.0,21.1,21.5,21.0
5767,0.0,0.0,0.0,0.0,20.3,21.2,20.3
5768,0.0,0.0,0.0,0.0,19.9,20.4,19.9
5769,0.0,0.0,0.0,0.0,19.5,20.0,19.3
5770,63.4,58.94243493540135,4.457565064598647,63.4,19.4,19.5,18.8
5771,716.7,655.7706659971057,60.92933400289439,716.7,21.6,21.6,19.4
5772,1595.9,1485.9833867143911,109.91661328560896,1595.9,22.7,22.9,21.5
5773,2257.1,2298.567900128925,-41.46790012892552,2257.1,22.7,23.4,22.5
5774,2921.6,2753.083184514652,168.51681548534816,2921.6,24.6,24.6,22.7
5775,3235.2,3082.36738823381,152.83261176618998,3235.2,26.3,26.8,24.3
5776,3157.5,3257.466842514505,-99.96684251450552,3157.5,27.0,27.8,26.3
5777,2999.7,2435.645190388406,564.054809611594,2999.7,27.7,28.6,26.9
5778,1800.0,2418.489903167994,-618.4899031679938,1800.0,27.3,28.6,26.6
5779,1129.3,1722.2112166886775,-592.9112166886778,1129.3,27.4,27.4,26.5
5780,0.0,486.94141810373424,-486.94141810373424,0.0,26.15,26.65,25.7
5781,160.2,0.0,160.2,160.2,24.9,25.9,24.9
5782,0.0,0.0,0.0,0.0,23.9,24.9,23.9
5783,0.0,0.0,0.0,0.0,22.6,23.9,22.6
5784,0.0,0.0,0.0,0.0,20.4,22.6,20.4
5785,0.0,0.0,0.0,0.0,19.5,20.4,19.5
5786,0.0,0.0,0.0,0.0,18.7,19.5,18.7
5787,0.0,4.640732453640279e-82,-4.640732453640279e-82,0.0,18.0,18.7,18.0
5788,0.0,0.0,0.0,0.0,17.7,18.0,17.7
5789,0.0,0.0,0.0,0.0,17.6,17.8,17.5
5790,0.0,1.3800038394950292e-113,-1.3800038394950292e-113,0.0,17.3,17.6,17.3
5791,0.0,0.0,0.0,0.0,16.9,17.3,16.8
5792,0.0,0.0,0.0,0.0,16.8,17.1,16.7
5793,0.0,0.0,0.0,0.0,16.3,16.8,16.3
5794,68.3,59.40258885879274,8.897411141207257,68.3,16.7,16.7,16.0
5795,738.7,642.9458505620496,95.75414943795045,738.7,18.1,18.1,16.7
5796,1617.8,1498.6976869629711,119.1023130370288,1617.8,19.8,19.8,18.1
5797,2391.6,2252.1499462552656,139.4500537447343,2391.6,21.4,21.6,19.6
5798,2947.5,2864.9976891766937,82.50231082330629,2947.5,23.5,24.3,21.3
5799,3268.5,3094.560423582808,173.93957641719226,3268.5,25.4,25.4,23.5
5800,3284.6,3185.708804202741,98.89119579725912,3284.6,26.4,26.8,24.9
5801,3170.0,2587.319410350892,582.6805896491078,3170.0,27.3,27.4,26.2
5802,2206.8,2326.3442894474324,-119.54428944743222,2206.8,26.7,28.3,26.3
5803,1752.7,1649.5239627141884,103.17603728581162,1752.7,27.0,28.5,26.3
5804,811.8,642.3872516897636,169.41274831023634,811.8,26.4,27.3,25.9
5805,232.0,429.1827689878222,-197.1827689878222,232.0,25.3,26.5,25.3
5806,0.0,8.653002832335744,-8.653002832335744,0.0,24.6,25.3,24.6
5807,0.0,0.0,0.0,0.0,23.1,24.6,23.1
5808,0.0,0.0,0.0,0.0,22.6,23.3,22.6
5809,0.0,0.0,0.0,0.0,22.0,22.6,22.0
5810,0.0,0.0,0.0,0.0,21.6,22.0,21.6
5811,0.0,0.0,0.0,0.0,20.5,21.7,20.5
5812,0.0,0.0,0.0,0.0,19.7,20.6,19.7
5813,0.0,0.0,0.0,0.0,19.8,19.9,19.1
5814,0.0,0.0,0.0,0.0,19.35,19.65,19.0
5815,0.0,0.0,0.0,0.0,18.9,19.4,18.9
5816,0.0,0.0,0.0,0.0,17.6,18.9,17.6
5817,0.0,0.0,0.0,0.0,17.4,17.6,17.2
5818,71.1,61.13060856399915,9.969391436000848,71.1,17.8,17.8,17.1
5819,791.7,680.9433553107771,110.75664468922298,791.7,19.2,19.3,17.8
5820,1683.1,1559.3073418870415,123.79265811295818,1683.1,21.1,21.3,19.2
5821,2472.5,2271.5771569420167,200.9228430579833,2472.5,23.5,23.5,21.1
5822,3028.8,2908.410291803013,120.38970819698716,3028.8,25.2,25.2,23.3
5823,3305.1,3198.247549744933,106.85245025506674,3305.1,27.1,27.2,25.0
5824,3333.6,3160.505901879642,173.094098120358,3333.6,27.5,27.6,26.4
5825,3153.2,3067.9016354213586,85.29836457864121,3153.2,27.8,28.3,27.0
5826,2696.6,2035.848228880444,660.751771119556,2696.6,28.3,29.4,27.8
5827,1216.3,1839.39593723512,-623.0959372351201,1216.3,28.2,28.7,27.1
5828,931.5,312.14372189564926,619.3562781043507,931.5,27.7,28.3,27.3
5829,319.3,503.478956252004,-184.178956252004,319.3,25.9,27.7,25.9
5830,0.0,80.54546474912425,-80.54546474912425,0.0,24.4,25.9,24.4
5831,0.0,0.0,0.0,0.0,23.9,24.5,23.8
5832,0.0,0.0,0.0,0.0,23.2,23.8,23.2
5833,0.0,0.0,0.0,0.0,22.0,23.2,21.9
5834,0.0,0.0,0.0,0.0,21.1,22.1,21.1
5835,0.0,0.0,0.0,0.0,20.9,21.4,20.9
5836,0.0,0.0,0.0,0.0,20.6,21.1,20.6
5837,0.0,3.1207626545642507e-98,-3.1207626545642507e-98,0.0,20.2,20.7,20.0
5838,0.0,0.0,0.0,0.0,19.3,20.2,19.2
5839,0.0,0.0,0.0,0.0,18.6,19.3,18.6
5840,0.0,0.0,0.0,0.0,18.1,18.6,18.0
5841,0.0,0.0,0.0,0.0,17.4,18.1,17.3
5842,73.5,64.66373553133101,8.836264468668986,73.5,17.7,17.7,17.2
5843,796.0,715.4052906253714,80.59470937462856,796.0,18.8,18.8,17.7
5844,1672.4,1581.985634729766,90.41436527023416,1672.4,20.4,20.4,18.7
5845,2438.8,2339.77194101218,99.02805898782026,2438.8,22.8,22.8,20.2
5846,3003.5,2880.0810073759167,123.41899262408332,3003.5,24.0,24.2,22.4
5847,3276.0,3185.6330332594234,90.36696674057656,3276.0,26.1,26.1,23.9
5848,3313.6,3204.196485373208,109.403514626792,3313.6,26.7,26.9,25.7
5849,3164.7,3076.6169342180283,88.08306578197153,3164.7,27.4,27.6,26.6
5850,1693.2,2417.38321076972,-724.1832107697198,1693.2,26.2,28.1,26.1
5851,1012.3,1024.367207191743,-12.067207191743137,1012.3,27.6,27.6,26.0
5852,860.2,597.8001606147112,262.39983938528883,860.2,25.9,27.8,25.9
5853,130.0,286.4339289511222,-156.4339289511222,130.0,24.8,25.9,24.8
5854,0.5,0.0,0.5,0.5,23.9,24.8,23.9
5855,0.0,0.2954857168987735,-0.2954857168987735,0.0,22.9,23.9,22.9
5856,0.0,0.0,0.0,0.0,21.9,23.0,21.9
5857,0.0,0.0,0.0,0.0,21.3,22.0,21.2
5858,0.0,0.0,0.0,0.0,20.6,21.5,20.6
5859,0.0,0.0,0.0,0.0,20.5,20.8,20.3
5860,0.0,0.0,0.0,0.0,20.0,20.5,19.9
5861,0.0,0.0,0.0,0.0,18.9,20.0,18.9
5862,0.0,0.0,0.0,0.0,18.6,18.9,18.4
5863,0.0,0.0,0.0,0.0,18.4,18.6,18.2
5864,0.0,0.0,0.0,0.0,17.6,18.4,17.6
5865,0.0,0.0,0.0,0.0,17.2,17.6,17.2
5866,51.7,67.07565294178521,-15.375652941785203,51.7,16.6,17.2,16.6
5867,761.1,727.1542147526361,33.945785247363915,761.1,17.5,18.0,16.6
5868,1692.0,1570.5078019033945,121.49219809660552,1692.0,19.0,19.2,17.5
5869,2527.4,2357.6125535179253,169.78744648207476,2527.4,21.0,21.1,18.9
5870,2931.0,2945.245382805519,-14.245382805519055,2931.0,22.8,22.8,20.8
5871,3384.3,3130.8841304325115,253.4158695674887,3384.3,23.8,24.1,22.8
5872,3404.8,3279.456060413795,125.34393958620512,3404.8,24.8,25.3,23.8
5873,3240.0,3121.0751500671604,118.9248499328396,3240.0,26.1,26.2,24.8
5874,2642.7,2208.4006823314057,434.2993176685941,2642.7,25.8,26.9,24.7
5875,2163.5,1396.0522281387707,767.4477718612293,2163.5,25.8,26.2,25.1
5876,1338.2,1500.289514693446,-162.08951469344606,1338.2,24.9,25.9,24.8
5877,347.0,505.95842609478944,-158.95842609478944,347.0,23.5,25.1,23.5
5878,0.0,82.95173553899501,-82.95173553899501,0.0,22.5,23.5,22.5
5879,0.0,0.0,0.0,0.0,21.7,22.5,21.7
5880,0.0,0.0,0.0,0.0,21.1,21.8,21.0
5881,0.0,0.0,0.0,0.0,20.4,21.1,20.4
5882,0.0,0.0,0.0,0.0,20.2,20.5,20.1
5883,0.0,0.0,0.0,0.0,19.7,20.2,19.4
5884,0.0,0.0,0.0,0.0,19.6,19.8,19.6
5885,0.0,0.0,0.0,0.0,18.7,19.6,18.6
5886,0.0,0.0,0.0,0.0,17.5,18.7,17.5
5887,0.0,0.0,0.0,0.0,16.4,17.5,16.4
5888,0.0,0.0,0.0,0.0,15.6,16.4,15.5
5889,0.0,0.0,0.0,0.0,14.8,15.6,14.8
5890,41.2,58.00612520016551,-16.80612520016551,41.2,15.4,15.4,14.7
5891,258.9,713.8642338110318,-454.9642338110318,258.9,16.5,16.5,15.4
5892,714.5,1290.0319696703389,-575.5319696703389,714.5,17.6,17.6,16.5
5893,1191.4,1806.1483824265536,-614.7483824265535,1191.4,18.9,19.1,17.5
5894,2202.0,2092.9544045414204,109.04559545857956,2202.0,20.1,21.2,18.9
5895,3284.1,2765.839620945448,518.2603790545522,3284.1,22.1,22.6,20.0
5896,3501.8,3234.043119057167,267.75688094283305,3501.8,23.3,24.1,22.1
5897,2768.1,3201.327530033047,-433.2275300330471,2768.1,24.7,24.8,23.1
5898,2823.3,1900.555650954409,922.7443490455912,2823.3,25.0,25.7,24.5
5899,2047.9,1960.4160485272064,87.4839514727937,2047.9,25.3,25.6,24.3
5900,1093.7,1357.4481666883912,-263.7481666883912,1093.7,24.7,25.3,24.5
5901,294.7,263.2734881011125,31.426511898887497,294.7,23.3,24.8,23.3
5902,0.0,42.015401896455614,-42.015401896455614,0.0,22.1,23.3,22.1
5903,0.0,0.0,0.0,0.0,21.6,22.1,21.4
5904,0.0,0.0,0.0,0.0,20.7,21.6,20.7
5905,0.0,0.0,0.0,0.0,20.0,20.8,20.0
5906,0.0,0.0,0.0,0.0,19.2,20.0,19.2
5907,0.0,0.0,0.0,0.0,18.2,19.2,18.2
5908,0.0,0.0,0.0,0.0,17.2,18.2,17.2
5909,0.0,0.0,0.0,0.0,16.9,17.3,16.9
5910,0.0,0.0,0.0,0.0,16.3,16.9,16.3
5911,0.0,0.0,0.0,0.0,16.1,16.3,16.0
5912,0.0,0.0,0.0,0.0,15.6,16.1,15.5
5913,0.0,0.0,0.0,0.0,15.2,15.6,15.2
5914,92.4,42.99608898531592,49.40391101468408,92.4,15.9,15.9,15.0
5915,797.9,495.0977357561204,302.8022642438796,797.9,17.0,17.0,15.9
5916,1693.8,1298.8268256943493,394.9731743056507,1693.8,19.1,19.1,17.0
5917,2476.4,2056.5411576570573,419.8588423429428,2476.4,21.6,21.7,19.1
5918,3045.3,2828.5362253514795,216.76377464852067,3045.3,23.1,23.1,21.0
5919,3361.5,3494.201959160373,-132.701959160373,3361.5,24.2,24.9,22.8
5920,3224.9,3367.342890870793,-142.44289087079278,3224.9,25.1,26.2,24.2
5921,1371.4,2793.6014594534245,-1422.2014594534244,1371.4,25.1,25.5,24.4
5922,1681.7,1706.6255261865526,-24.925526186552588,1681.7,26.5,26.8,24.9
5923,1405.7,1445.6343932839077,-39.93439328390741,1405.7,26.3,26.8,25.6
5924,803.9,801.3377923948993,2.562207605100639,803.9,25.7,26.6,25.7
5925,185.8,107.34744486548745,78.45255513451258,185.8,24.6,25.7,24.6
5926,0.0,0.0,0.0,0.0,23.1,24.6,22.6
5927,0.0,0.0,0.0,0.0,22.7,23.3,22.6
5928,0.0,0.0,0.0,0.0,22.0,22.8,22.0
5929,0.0,0.0,0.0,0.0,21.4,22.1,21.3
5930,0.0,0.0,0.0,0.0,21.2,21.6,21.2
5931,0.0,0.0,0.0,0.0,20.5,21.2,20.5
5932,0.0,0.0,0.0,0.0,20.2,20.5,20.0
5933,0.0,0.0,0.0,0.0,19.5,20.2,19.5
5934,0.0,0.0,0.0,0.0,19.5,19.6,19.2
5935,0.0,0.0,0.0,0.0,18.3,19.6,17.1
5936,0.0,0.0,0.0,0.0,17.7,18.4,17.6
5937,0.0,0.0,0.0,0.0,16.8,17.7,16.8
5938,103.0,62.693568380705,40.306431619295,103.0,17.4,17.4,16.4
5939,836.8,521.5608870867212,315.23911291327875,836.8,19.4,19.6,17.4
5940,1585.3,1331.2283125360404,254.0716874639595,1585.3,19.6,21.2,19.4
5941,2340.4,1988.10548915098,352.2945108490205,2340.4,22.6,23.2,19.5
5942,3083.8,2813.338180165696,270.4618198343041,3083.8,25.1,25.5,22.6
5943,3368.4,3461.295336241388,-92.89533624138768,3368.4,27.0,27.4,24.9
5944,2583.3,3285.1102669367856,-701.8102669367854,2583.3,27.4,27.7,25.6
5945,2788.6,1584.1876143675204,1204.4123856324795,2788.6,27.7,28.2,26.6
5946,1861.0,2597.754903768782,-736.7549037687818,1861.0,26.9,28.7,26.9
5947,673.5,1468.036189313647,-794.5361893136467,673.5,26.7,27.1,26.6
5948,876.6,334.8378928875295,541.7621071124705,876.6,26.8,28.5,26.6
5949,175.5,221.52343168273285,-46.02343168273285,175.5,24.7,26.9,24.7
5950,0.0,0.0,0.0,0.0,21.7,24.7,21.2
5951,0.0,0.0,0.0,0.0,23.1,23.1,21.4
5952,0.0,0.0,0.0,0.0,22.5,23.5,22.5
5953,0.0,1.5229448353421282e-80,-1.5229448353421282e-80,0.0,22.6,23.1,22.6
5954,0.0,2.6396373852988803e-63,-2.6396373852988803e-63,0.0,20.4,22.7,19.8
5955,0.0,0.0,0.0,0.0,21.2,21.7,20.4
5956,0.0,0.0,0.0,0.0,20.7,21.2,20.7
5957,0.0,0.0,0.0,0.0,20.4,20.7,20.4
5958,0.0,0.0,0.0,0.0,19.1,20.5,19.1
5959,0.0,0.0,0.0,0.0,16.0,19.1,16.0
5960,0.0,0.0,0.0,0.0,18.6,18.7,15.8
5961,0.0,0.0,0.0,0.0,16.9,18.6,15.8
5962,107.6,90.72791726827418,16.87208273172581,107.6,19.2,19.2,15.9
5963,726.6,768.3579876017233,-41.75798760172325,726.6,20.9,21.8,18.9
5964,1195.3,1500.4494889947466,-305.14948899474666,1195.3,22.9,23.0,20.8
5965,2560.3,2040.9747116818955,519.3252883181046,2560.3,24.3,24.4,22.8
5966,3075.7,3036.007468565836,39.692531434164266,3075.7,26.6,26.9,24.2
5967,3386.5,3258.3274156632788,128.17258433672123,3386.5,27.5,28.0,26.6
5968,3386.2,2842.508377528788,543.6916224712118,3386.2,28.7,29.4,27.5
5969,3103.8,2356.2336977875707,747.5663022124295,3103.8,29.7,29.7,27.8
5970,2444.3,2326.0300679064685,118.26993209353168,2444.3,29.4,30.0,27.8
5971,2057.4,1424.9633329163808,632.4366670836193,2057.4,29.1,29.6,29.0
5972,1169.4,1430.6438281243386,-261.2438281243385,1169.4,28.3,29.7,28.3
5973,264.1,396.7216016175407,-132.62160161754065,264.1,26.7,28.3,26.7
5974,0.0,56.944717236762216,-56.944717236762216,0.0,25.4,26.7,25.4
5975,0.0,0.0,0.0,0.0,24.3,25.4,24.3
5976,0.0,6.752802231599685e-31,-6.752802231599685e-31,0.0,23.6,24.3,23.6
5977,0.0,1.2701457649844626e-49,-1.2701457649844626e-49,0.0,23.4,23.7,23.3
5978,0.0,0.0,0.0,0.0,22.4,23.4,21.6
5979,0.0,0.0,0.0,0.0,21.5,22.7,21.4
5980,0.0,0.0,0.0,0.0,21.4,21.6,21.2
5981,0.0,0.0,0.0,0.0,19.6,21.4,19.6
5982,0.0,0.0,0.0,0.0,18.6,20.7,18.2
5983,0.0,7.4e-323,-7.4e-323,0.0,20.6,20.6,18.6
5984,0.0,0.0,0.0,0.0,20.7,20.8,20.3
5985,0.0,0.0,0.0,0.0,20.6,20.8,20.5
5986,113.4,97.76570928994572,15.634290710054287,113.4,20.6,20.7,20.3
5987,868.9,733.2755968643751,135.6244031356249,868.9,21.8,21.8,20.5
5988,1770.1,1370.9368560022576,399.1631439977423,1770.1,23.9,23.9,21.8
5989,2562.4,2562.50480726569,-0.1048072656899421,2562.4,26.1,26.3,23.7
5990,3119.5,3026.859860387156,92.640139612844,3119.5,27.1,27.8,26.1
5991,3433.5,3289.200598607057,144.29940139294283,3433.5,28.2,28.7,27.0
5992,3478.2,2955.8242934315062,522.3757065684936,3478.2,29.4,29.6,27.9
5993,3260.7,3150.5180044942763,110.18199550572352,3260.7,29.5,29.7,28.8
5994,2792.9,2313.3582196331536,479.5417803668465,2792.9,29.4,30.2,29.1
5995,2109.1,1749.5455791901638,359.5544208098361,2109.1,30.2,30.6,29.3
5996,1258.9,1439.934610599161,-181.0346105991609,1258.9,29.2,30.2,29.2
5997,340.4,385.3895268726547,-44.98952687265472,340.4,27.4,29.2,27.4
5998,0.0,79.7730697805645,-79.7730697805645,0.0,25.9,27.4,25.9
5999,0.0,0.0,0.0,0.0,24.9,26.0,24.9
6000,0.0,0.0,0.0,0.0,24.1,24.9,24.1
6001,0.0,0.0,0.0,0.0,22.3,24.0,22.3
6002,0.0,0.0,0.0,0.0,21.2,22.3,21.2
6003,0.0,0.0,0.0,0.0,21.9,22.0,21.1
6004,0.0,0.0,0.0,0.0,21.8,22.1,21.6
6005,0.0,0.0,0.0,0.0,21.1,21.8,21.0
6006,0.0,0.0,0.0,0.0,20.5,21.1,20.2
6007,0.0,0.0,0.0,0.0,19.1,20.5,19.1
6008,0.0,0.0,0.0,0.0,18.9,19.1,18.1
6009,0.0,2.3683308570868417e-308,-2.3683308570868417e-308,0.0,18.0,18.9,18.0
6010,127.4,102.6113751282918,24.788624871708198,127.4,18.8,18.8,17.9
6011,908.8,756.8164875982536,151.98351240174634,908.8,19.9,19.9,18.8
6012,1825.1,1482.2126808710234,342.8873191289765,1825.1,21.7,21.8,20.0
6013,2616.2,2637.8652334211074,-21.665233421107587,2616.2,24.7,24.7,21.7
6014,3172.4,3016.774027538243,155.6259724617571,3172.4,25.9,26.0,24.1
6015,3482.2,3341.195671822428,141.004328177572,3482.2,27.5,27.6,25.9
6016,3510.8,3374.2865764981084,136.5134235018918,3510.8,28.5,28.5,27.3
6017,3254.4,3147.6186842798265,106.78131572017357,3254.4,29.5,29.8,28.4
6018,2786.4,2612.115510402039,174.28448959796106,2786.4,30.1,31.1,29.1
6019,2116.3,2141.9988635423488,-25.69886354234859,2116.3,29.9,30.3,29.3
6020,1233.5,1235.7270583208942,-2.22705832089423,1233.5,29.3,30.1,29.2
6021,323.8,343.7333420356357,-19.93334203563569,323.8,27.1,29.4,27.1
6022,0.0,24.89549445208553,-24.89549445208553,0.0,25.5,27.1,25.5
6023,0.0,0.0,0.0,0.0,24.1,25.5,23.8
6024,0.0,0.0,0.0,0.0,23.6,24.1,23.5
6025,0.0,0.0,0.0,0.0,22.8,23.3,22.7
6026,0.0,2.527489119444618e-66,-2.527489119444618e-66,0.0,22.4,22.8,22.4
6027,0.0,0.0,0.0,0.0,21.8,22.6,21.7
6028,0.0,0.0,0.0,0.0,17.3,21.8,17.3
6029,0.0,0.0,0.0,0.0,16.3,17.3,16.0
6030,0.0,4.371697252858224e-127,-4.371697252858224e-127,0.0,19.6,19.6,15.6
6031,0.0,0.0,0.0,0.0,20.3,20.3,16.6
6032,0.0,0.0,0.0,0.0,16.1,20.3,16.0
6033,0.0,0.0,0.0,0.0,17.8,18.4,16.0
6034,117.4,111.9515486419113,5.448451358088704,117.4,18.6,18.6,17.7
6035,850.0,828.8284303164623,21.17156968353765,850.0,20.7,20.7,18.6
6036,1730.8,1683.8605404738596,46.939459526140354,1730.8,22.4,22.9,20.5
6037,2484.3,2440.674170896351,43.62582910364927,2484.3,24.5,24.7,22.4
6038,3023.8,2968.475666737372,55.32433326262799,3023.8,27.9,27.9,24.5
6039,3315.5,3271.506316133721,43.99368386627884,3315.5,30.6,30.6,27.8
6040,3157.9,3306.671325526493,-148.771325526493,3157.9,31.7,31.7,30.0
6041,3067.7,2972.731487860107,94.96851213989294,3067.7,31.7,32.1,31.3
6042,2684.1,2615.537260373914,68.56273962608611,2684.1,32.7,32.8,31.4
6043,1744.7,2017.3361535600047,-272.6361535600047,1744.7,32.0,32.6,31.3
6044,834.4,1028.2950335076848,-193.89503350768484,834.4,30.6,32.0,30.5
6045,240.8,117.41825965749727,123.38174034250272,240.8,28.6,30.7,28.6
6046,0.0,0.0,0.0,0.0,25.1,28.6,25.1
6047,0.0,0.0,0.0,0.0,23.5,25.3,23.5
6048,0.0,0.0,0.0,0.0,24.6,24.8,22.8
6049,0.0,0.0,0.0,0.0,24.6,24.6,22.6
6050,0.0,0.0,0.0,0.0,24.4,24.7,24.4
6051,0.0,0.0,0.0,0.0,23.9,24.4,23.8
6052,0.0,0.0,0.0,0.0,21.3,24.0,19.6
6053,0.0,0.0,0.0,0.0,18.5,21.3,18.5
6054,0.0,0.0,0.0,0.0,22.6,22.6,18.3
6055,0.0,0.0,0.0,0.0,17.0,22.7,17.0
6056,0.0,0.0,0.0,0.0,16.9,17.6,16.9
6057,0.0,0.0,0.0,0.0,16.2,16.9,16.0
6058,123.6,113.460007664676,10.139992335323996,123.6,19.5,19.5,16.2
6059,824.9,821.3636287016907,3.536371298309291,824.9,22.6,23.6,19.4
6060,1696.9,1654.4389880336817,42.46101196631844,1696.9,25.4,25.4,22.5
6061,2475.6,2393.572841075751,82.02715892424885,2475.6,27.2,27.2,25.4
6062,3019.8,2938.8863347631363,80.91366523686384,3019.8,29.0,29.1,27.1
6063,3348.5,3239.171708960189,109.32829103981112,3348.5,29.9,30.6,29.0
6064,3403.0,3206.394097579888,196.60590242011224,3403.0,30.3,31.1,29.7
6065,2898.8,3117.167607179769,-218.36760717976904,2898.8,30.6,31.9,30.3
6066,2557.3,2518.205369442775,39.09463055722517,2557.3,31.6,32.2,30.5
6067,2027.6,1798.6660839233673,228.9339160766326,2027.6,31.4,32.3,31.4
6068,1056.6,1096.8261879193778,-40.226187919377935,1056.6,30.8,31.6,30.8
6069,234.1,321.4112771068207,-87.31127710682071,234.1,29.0,30.8,29.0
6070,0.0,0.0,0.0,0.0,27.8,28.9,27.6
6071,0.0,1.997175588422457e-15,-1.997175588422457e-15,0.0,26.8,27.8,26.7
6072,0.0,0.0,0.0,0.0,26.0,26.8,26.0
6073,0.0,0.0,0.0,0.0,25.1,26.1,24.9
6074,0.0,0.0,0.0,0.0,20.6,25.1,20.6
6075,0.0,0.0,0.0,0.0,19.4,20.6,19.0
6076,0.0,0.0,0.0,0.0,19.4,19.8,18.9
6077,0.0,0.0,0.0,0.0,19.1,19.9,18.8
6078,0.0,0.0,0.0,0.0,17.4,19.1,17.3
6079,0.0,1.4692948442108545e-259,-1.4692948442108545e-259,0.0,18.3,18.3,16.8
6080,0.0,0.0,0.0,0.0,20.3,21.2,18.3
6081,0.0,0.0,0.0,0.0,16.6,20.3,16.6
6082,127.3,112.25228650213472,15.047713497865274,127.3,21.3,21.3,16.5
6083,845.9,788.0781641301802,57.82183586981978,845.9,24.1,24.1,20.9
6084,1737.8,1634.2389719679793,103.56102803202066,1737.8,25.4,25.6,24.1
6085,2520.1,2392.7152837234507,127.38471627654916,2520.1,27.1,27.3,25.4
6086,3078.3,2937.8854079882267,140.4145920117735,3078.3,29.4,29.4,27.0
6087,3366.2,3258.9926985255784,107.20730147442146,3366.2,30.3,30.8,29.3
6088,3340.8,3213.1769798760088,127.6230201239914,3340.8,31.3,31.6,30.3
6089,3046.6,2942.360442174607,104.2395578253927,3046.6,32.3,32.4,31.0
6090,2606.6,2598.4555520628683,8.144447937131645,2606.6,32.2,32.9,31.8
6091,2004.6,1859.3145240863569,145.28547591364304,2004.6,32.3,32.8,31.7
6092,1121.6,1027.3563364543138,94.2436635456861,1121.6,31.1,32.4,31.1
6093,263.8,361.2485342603216,-97.44853426032154,263.8,28.9,31.1,28.9
6094,0.0,25.07579115458438,-25.07579115458438,0.0,27.6,28.9,25.3
6095,0.0,0.0,0.0,0.0,26.5,27.7,26.1
6096,0.0,0.0,0.0,0.0,26.1,26.5,25.8
6097,0.0,0.0,0.0,0.0,21.5,26.1,21.5
6098,0.0,0.0,0.0,0.0,24.1,24.5,21.4
6099,0.0,0.0,0.0,0.0,23.4,24.5,22.7
6100,0.0,0.0,0.0,0.0,20.0,23.6,19.6
6101,0.0,0.0,0.0,0.0,19.0,19.9,17.6
6102,0.0,0.0,0.0,0.0,16.4,20.3,16.4
6103,0.0,0.0,0.0,0.0,19.5,21.3,16.0
6104,0.0,0.0,0.0,0.0,15.8,19.5,15.8
6105,0.0,0.0,0.0,0.0,18.8,18.8,14.7
6106,126.5,116.87170313125333,9.628296868746672,126.5,21.6,21.6,16.4
6107,824.2,783.9217124734989,40.27828752650112,824.2,23.7,23.7,21.7
6108,1701.8,1627.0379149722362,74.76208502776376,1701.8,25.3,25.3,23.7
6109,2476.2,2387.1721641957483,89.02783580425148,2476.2,28.2,28.2,25.3
6110,3032.3,2928.9459271038013,103.35407289619889,3032.3,29.4,29.5,28.0
6111,3347.0,3240.8374359928994,106.16256400710064,3347.0,30.4,31.3,29.4
6112,3351.6,3270.0163953531774,81.58360464682255,3351.6,32.0,32.3,30.2
6113,3169.0,2896.7309161776943,272.2690838223057,3169.0,32.7,33.0,32.0
6114,1732.5,2641.6994181708064,-909.1994181708064,1732.5,32.8,33.1,31.2
6115,1831.6,1478.953476726541,352.64652327345857,1831.6,32.2,33.6,32.0
6116,473.6,988.2115245470728,-514.6115245470727,473.6,30.1,32.3,30.0
6117,200.9,0.0,200.9,200.9,29.4,30.6,29.4
6118,0.0,0.0,0.0,0.0,25.7,29.4,25.7
6119,0.0,1.0116694407364543e-15,-1.0116694407364543e-15,0.0,24.3,25.7,23.9
6120,0.0,0.0,0.0,0.0,24.9,26.2,23.5
6121,0.0,0.0,0.0,0.0,23.2,24.7,23.1
6122,0.0,0.0,0.0,0.0,23.8,24.3,21.6
6123,0.0,0.0,0.0,0.0,22.8,23.8,22.3
6124,0.0,0.0,0.0,0.0,25.4,25.8,22.3
6125,0.0,0.0,0.0,0.0,21.6,25.4,21.6
6126,0.0,0.0,0.0,0.0,20.1,21.6,20.1
6127,0.0,0.0,0.0,0.0,24.2,24.5,20.1
6128,0.0,0.0,0.0,0.0,22.5,24.2,22.5
6129,0.0,0.0,0.0,0.0,21.5,22.5,21.4
6130,119.1,118.2321577241141,0.8678422758858915,119.1,22.3,22.3,21.4
6131,813.4,778.2875782932413,35.11242170675871,813.4,24.6,24.6,22.3
6132,1659.2,1622.9791358255177,36.220864174482585,1659.2,25.8,25.9,24.4
6133,2415.2,2360.88558885614,54.314411143859616,2415.2,27.7,27.9,25.7
6134,2978.9,2898.245532867885,80.65446713211486,2978.9,29.7,29.7,27.7
6135,3274.6,3205.730061962749,68.86993803725045,3274.6,31.0,31.0,29.2
6136,3281.1,3205.1055379230625,75.99446207693745,3281.1,31.0,31.2,30.5
6137,1864.0,2993.841053010437,-1129.8410530104366,1864.0,30.8,32.0,30.5
6138,962.5,1400.5284198085424,-438.0284198085424,962.5,30.6,30.8,30.1
6139,2024.5,1166.5217438881182,857.9782561118818,2024.5,31.7,32.0,30.6
6140,936.0,874.4631094460362,61.53689055396376,936.0,30.1,32.6,30.1
6141,140.7,334.7228606553527,-194.0228606553527,140.7,28.0,30.1,27.7
6142,0.0,0.0,0.0,0.0,27.9,28.4,27.8
6143,0.0,0.0,0.0,0.0,26.8,27.9,26.8
6144,0.0,0.0,0.0,0.0,25.0,26.8,25.0
6145,0.0,0.0,0.0,0.0,23.1,25.0,23.1
6146,0.0,0.0,0.0,0.0,22.6,23.1,22.6
6147,0.0,0.0,0.0,0.0,24.1,24.6,22.4
6148,0.0,0.0,0.0,0.0,24.1,24.1,22.9
6149,0.0,0.0,0.0,0.0,24.4,25.2,24.1
6150,0.0,0.0,0.0,0.0,23.6,24.4,22.3
6151,0.0,0.0,0.0,0.0,24.0,24.5,23.6
6152,0.0,0.0,0.0,0.0,23.4,24.0,23.2
6153,0.0,0.0,0.0,0.0,21.5,23.4,21.5
6154,124.1,114.27664648364862,9.823353516351377,124.1,21.0,21.5,20.6
6155,738.3,768.1490523238825,-29.84905232388257,738.3,22.7,22.8,21.0
6156,1177.8,1550.3309327148725,-372.5309327148725,1177.8,24.4,24.4,22.7
6157,2512.0,2049.66173918274,462.3382608172601,2512.0,26.4,27.4,24.4
6158,3041.0,2936.5038178216246,104.49618217837542,3041.0,28.9,29.0,26.4
6159,3339.8,3225.0210075295945,114.77899247040568,3339.8,29.9,30.8,28.8
6160,2153.5,3238.956625661164,-1085.4566256611631,2153.5,29.3,30.7,28.6
6161,2511.7,1780.94983140291,730.7501685970897,2511.7,30.5,31.6,29.3
6162,697.9,1353.1333047136711,-655.2333047136711,697.9,29.5,30.5,29.5
6163,950.9,1476.5298381240968,-525.6298381240969,950.9,29.8,31.0,29.3
6164,331.0,165.14346283373783,165.85653716626217,331.0,29.3,29.8,29.3
6165,127.8,0.0,127.8,127.8,27.0,29.3,27.0
6166,0.0,0.0,0.0,0.0,27.8,27.9,26.0
6167,0.0,2.078265582816196e-15,-2.078265582816196e-15,0.0,26.7,27.8,26.5
6168,0.0,5.470665540217425e-32,-5.470665540217425e-32,0.0,26.1,26.7,26.1
6169,0.0,0.0,0.0,0.0,25.6,26.2,25.4
6170,0.0,0.0,0.0,0.0,24.8,25.6,24.8
6171,0.0,0.0,0.0,0.0,20.9,24.8,20.9
6172,0.0,0.0,0.0,0.0,21.8,21.8,20.4
6173,0.0,0.0,0.0,0.0,21.5,23.4,21.5
6174,0.0,7.103433521586224e-145,-7.103433521586224e-145,0.0,21.7,23.2,21.1
6175,0.0,0.0,0.0,0.0,23.7,23.9,21.6
6176,0.0,0.0,0.0,0.0,23.0,23.7,23.0
6177,0.0,0.0,0.0,0.0,21.4,23.0,21.4
6178,138.7,113.21898064850986,25.481019351490133,138.7,21.7,21.7,21.1
6179,886.4,736.481283972895,149.918716027105,886.4,23.8,23.8,21.7
6180,1767.5,1413.2614550008789,354.23854499912113,1767.5,25.5,25.5,23.8
6181,2508.8,2558.1905271577625,-49.390527157762335,2508.8,27.1,27.3,25.4
6182,3083.9,2928.313837602312,155.58616239768844,3083.9,29.4,29.4,26.9
6183,3369.1,3244.355628584226,124.74437141577393,3369.1,28.9,29.9,28.5
6184,3392.6,2691.491013814082,701.1089861859177,3392.6,30.4,30.5,28.6
6185,2205.3,2550.23873404712,-344.9387340471194,2205.3,29.9,30.6,29.1
6186,852.3,868.2874143686886,-15.987414368688633,852.3,28.8,30.8,28.5
6187,906.7,1427.565428132918,-520.8654281329179,906.7,28.4,30.5,28.4
6188,260.4,309.7186849147132,-49.31868491471323,260.4,28.0,28.4,28.0
6189,119.0,0.0,119.0,119.0,26.6,28.0,26.6
6190,0.0,0.0,0.0,0.0,25.2,26.6,25.2
6191,0.0,0.0,0.0,0.0,26.5,26.8,25.2
6192,0.0,0.0,0.0,0.0,25.5,26.5,25.4
6193,0.0,3.0039656703066414e-48,-3.0039656703066414e-48,0.0,24.6,25.5,24.6
6194,0.0,0.0,0.0,0.0,24.3,24.7,24.3
6195,0.0,0.0,0.0,0.0,23.8,24.3,23.8
6196,0.0,0.0,0.0,0.0,23.1,23.8,22.8
6197,0.0,0.0,0.0,0.0,22.1,23.1,22.1
6198,0.0,0.0,0.0,0.0,22.1,22.5,22.1
6199,0.0,0.0,0.0,0.0,22.2,22.5,22.1
6200,0.0,0.0,0.0,0.0,21.6,22.3,21.6
6201,0.0,0.0,0.0,0.0,20.9,21.6,20.8
6202,142.6,122.87997942561364,19.720020574386357,142.6,21.4,21.4,20.8
6203,884.9,771.4279467040956,113.4720532959044,884.9,22.5,22.6,21.3
6204,1599.5,1451.8958005665054,147.6041994334946,1599.5,24.1,24.1,22.1
6205,2455.3,2474.130866440812,-18.830866440811405,2455.3,25.4,25.8,24.1
6206,3118.1,2925.8538789345503,192.24612106544964,3118.1,27.7,27.8,25.4
6207,3240.6,3284.0243327655344,-43.42433276553447,3240.6,29.1,29.9,27.7
6208,2933.2,2659.5542286811115,273.6457713188884,2933.2,29.9,30.5,28.9
6209,1699.3,2396.4813430982613,-697.1813430982613,1699.3,30.1,30.4,29.1
6210,1039.4,434.0453758052063,605.3546241947938,1039.4,30.5,30.6,28.5
6211,1102.6,1049.4985326441822,53.1014673558177,1102.6,28.8,30.7,28.8
6212,521.3,411.7895282681467,109.51047173185329,521.3,28.7,29.3,28.7
6213,68.6,257.3912424409863,-188.79124244098628,68.6,27.9,28.6,27.5
6214,0.0,0.0,0.0,0.0,23.8,27.9,23.8
6215,0.0,0.0,0.0,0.0,25.0,25.1,23.2
6216,0.0,0.0,0.0,0.0,23.0,25.4,23.0
6217,0.0,0.0,0.0,0.0,23.2,23.2,22.2
6218,0.0,0.0,0.0,0.0,23.8,23.8,21.7
6219,0.0,0.0,0.0,0.0,22.7,23.8,22.7
6220,0.0,0.0,0.0,0.0,22.1,22.9,22.1
6221,0.0,0.0,0.0,0.0,20.2,22.3,20.2
6222,0.0,0.0,0.0,0.0,19.5,21.0,19.5
6223,0.0,0.0,0.0,0.0,20.2,21.0,19.5
6224,0.0,0.0,0.0,0.0,20.2,22.5,20.2
6225,0.0,0.0,0.0,0.0,19.7,20.3,19.6
6226,117.6,131.66294328754225,-14.062943287542254,117.6,21.8,21.8,19.2
6227,303.3,820.7120501079146,-517.4120501079146,303.3,22.3,22.5,21.8
6228,770.1,1269.6574629243405,-499.55746292434026,770.1,23.0,23.8,22.3
6229,928.1,1854.718975101795,-926.618975101795,928.1,24.1,24.1,22.9
6230,2000.2,2086.946384850117,-86.74638485011678,2000.2,26.2,26.7,24.1
6231,1966.2,2563.1255899867665,-596.9255899867665,1966.2,28.3,28.3,26.2
6232,3138.5,2295.4846461459097,843.0153538540903,3138.5,28.6,29.4,27.8
6233,1706.8,1929.1793017733405,-222.37930177334036,1706.8,28.7,29.6,28.4
6234,322.7,818.6875136337758,-495.9875136337758,322.7,27.5,28.7,27.5
6235,218.3,612.5883298440219,-394.2883298440219,218.3,27.0,27.7,27.0
6236,144.7,0.0,144.7,144.7,26.7,27.1,26.7
6237,38.2,0.0,38.2,38.2,25.8,26.7,25.7
6238,0.0,0.0,0.0,0.0,25.5,25.8,24.1
6239,0.0,0.0,0.0,0.0,25.2,25.6,25.2
6240,0.0,0.0,0.0,0.0,24.9,25.4,24.9
6241,0.0,0.0,0.0,0.0,21.8,24.5,21.5
6242,0.0,0.0,0.0,0.0,21.4,22.0,21.4
6243,0.0,0.0,0.0,0.0,21.0,21.7,21.0
6244,0.0,0.0,0.0,0.0,20.6,21.0,20.0
6245,0.0,0.0,0.0,0.0,19.9,20.8,19.9
6246,0.0,0.0,0.0,0.0,19.3,20.6,19.3
6247,0.0,0.0,0.0,0.0,20.0,20.0,19.0
6248,0.0,0.0,0.0,0.0,19.1,21.4,19.1
6249,0.0,2.2198878680814638e-212,-2.2198878680814638e-212,0.0,18.4,19.1,17.7
6250,87.6,121.3539395901832,-33.75393959018321,87.6,21.2,21.2,18.2
6251,619.2,531.2662122779335,87.93378772206654,619.2,24.1,24.1,21.2
6252,1522.7,1140.3350776861976,382.3649223138025,1522.7,26.4,26.4,24.1
6253,1988.8,1813.6267147520657,175.17328524793425,1988.8,27.2,27.2,25.8
6254,3036.5,2625.475609551974,411.0243904480262,3036.5,28.7,29.6,27.2
6255,2877.1,2801.870563781141,75.22943621885906,2877.1,29.7,30.3,28.7
6256,2933.2,3099.9644263965483,-166.76442639654852,2933.2,30.8,31.2,29.1
6257,875.3,1646.3905170242178,-771.0905170242179,875.3,29.2,30.8,29.1
6258,482.7,218.2110834648365,264.48891653516347,482.7,27.1,29.5,27.1
6259,326.2,525.8372235840559,-199.6372235840559,326.2,26.4,27.1,25.7
6260,194.5,143.96164477100572,50.53835522899428,194.5,25.9,26.4,25.6
6261,40.7,0.0,40.7,40.7,24.1,26.0,23.9
6262,0.0,0.0,0.0,0.0,23.7,24.1,23.5
6263,0.0,0.0,0.0,0.0,22.8,23.7,22.7
6264,0.0,0.0,0.0,0.0,22.0,22.9,22.0
6265,0.0,0.0,0.0,0.0,21.9,22.2,21.8
6266,0.0,0.0,0.0,0.0,21.9,22.1,21.8
6267,0.0,0.0,0.0,0.0,22.3,22.4,21.6
6268,0.0,0.0,0.0,0.0,22.1,22.3,21.5
6269,0.0,0.0,0.0,0.0,22.7,22.7,22.1
6270,0.0,0.0,0.0,0.0,22.6,23.1,22.6
6271,0.0,1.7264053642749684e-145,-1.7264053642749684e-145,0.0,22.3,22.7,21.6
6272,0.0,0.0,0.0,0.0,22.0,22.4,22.0
6273,0.0,0.0,0.0,0.0,21.7,22.0,21.6
6274,14.0,95.7052562605216,-81.7052562605216,14.0,21.5,21.8,21.4
6275,123.6,384.9156201124983,-261.3156201124983,123.6,21.8,21.8,21.5
6276,441.7,896.2015049616482,-454.5015049616482,441.7,21.4,22.0,21.4
6277,445.2,1002.3416661338508,-557.141666133851,445.2,21.9,22.0,21.3
6278,1277.4,1824.0005349508403,-546.6005349508403,1277.4,23.0,23.1,21.9
6279,2087.5,1641.0252346706773,446.47476532932274,2087.5,25.4,25.4,23.0
6280,3022.5,2731.840736541236,290.65926345876414,3022.5,26.4,26.5,24.3
6281,2949.9,1312.8721550922412,1637.027844907759,2949.9,27.8,28.4,26.1
6282,2868.8,1380.6034209449715,1488.1965790550285,2868.8,28.1,28.8,27.7
6283,1030.1,1703.9912749415205,-673.8912749415204,1030.1,26.6,28.0,26.2
6284,506.9,606.8960111062132,-99.99601110621325,506.9,25.7,26.7,25.6
6285,207.0,238.44596137153025,-31.445961371530245,207.0,24.6,25.7,24.6
6286,0.0,98.41768285622932,-98.41768285622932,0.0,23.7,24.6,23.7
6287,0.0,0.0,0.0,0.0,23.3,23.7,23.3
6288,0.0,0.0,0.0,0.0,23.2,23.3,23.0
6289,0.0,0.0,0.0,0.0,23.0,23.2,22.9
6290,0.0,0.0,0.0,0.0,22.8,23.1,22.8
6291,0.0,0.0,0.0,0.0,21.7,22.8,21.7
6292,0.0,0.0,0.0,0.0,17.9,21.7,17.9
6293,0.0,0.0,0.0,0.0,17.3,17.9,17.2
6294,0.0,0.0,0.0,0.0,17.2,17.3,17.1
6295,0.0,0.0,0.0,0.0,17.0,17.2,17.0
6296,0.0,0.0,0.0,0.0,17.2,17.4,16.9
6297,0.0,0.0,0.0,0.0,16.9,17.2,16.7
6298,24.3,47.17293154251995,-22.872931542519947,24.3,17.1,17.1,16.9
6299,241.8,331.87546774754964,-90.07546774754962,241.8,18.2,18.2,17.1
6300,693.7,853.8724308021306,-160.17243080213052,693.7,19.5,19.6,18.2
6301,1142.1,1004.4937071247348,137.60629287526524,1142.1,21.3,21.3,19.4
6302,2220.0,2013.9816333007084,206.0183666992916,2220.0,23.4,23.4,21.3
6303,3485.4,2436.966425649897,1048.4335743501028,3485.4,25.1,25.4,23.4
6304,3478.2,3454.663370034371,23.53662996562889,3478.2,26.3,26.6,24.8
6305,3224.8,2194.260643728855,1030.5393562711452,3224.8,27.5,27.7,26.3
6306,2777.6,2402.711244045195,374.8887559548048,2777.6,27.8,28.2,27.1
6307,1853.5,1327.186359483472,526.313640516528,1853.5,27.6,28.7,27.2
6308,735.1,1032.1441901780663,-297.0441901780663,735.1,27.0,28.5,26.7
6309,358.5,350.3419720651463,8.158027934853692,358.5,25.8,27.2,25.8
6310,1.1,138.79575844455678,-137.6957584445568,1.1,23.8,25.8,23.8
6311,0.0,0.6315311079751743,-0.6315311079751743,0.0,21.9,23.8,21.9
6312,0.0,0.0,0.0,0.0,21.1,22.0,21.1
6313,0.0,0.0,0.0,0.0,19.6,20.9,19.6
6314,0.0,0.0,0.0,0.0,19.2,19.7,19.2
6315,0.0,0.0,0.0,0.0,19.6,19.7,18.9
6316,0.0,0.0,0.0,0.0,19.2,19.6,18.7
6317,0.0,0.0,0.0,0.0,19.1,19.3,18.9
6318,0.0,0.0,0.0,0.0,18.1,19.1,18.1
6319,0.0,0.0,0.0,0.0,17.1,18.1,16.9
6320,0.0,0.0,0.0,0.0,18.5,19.1,17.1
6321,0.0,0.0,0.0,0.0,17.4,18.7,16.8
6322,201.3,18.027331240654878,183.27266875934515,201.3,20.9,20.9,17.3
6323,1018.6,277.388190883205,741.2118091167949,1018.6,24.2,24.2,20.9
6324,1916.4,1019.6250277852132,896.7749722147868,1916.4,25.9,26.1,24.2
6325,2664.1,1545.9719175905896,1118.1280824094104,2664.1,27.8,28.2,25.7
6326,3176.1,2753.3722850066906,422.7277149933093,3176.1,29.0,29.1,27.8
6327,2786.9,3509.5607729536014,-722.6607729536013,2786.9,29.3,30.0,28.1
6328,2720.4,3139.101077357557,-418.7010773575571,2720.4,29.5,31.0,28.8
6329,1372.1,2701.596335581663,-1329.496335581663,1372.1,29.3,30.6,29.2
6330,2245.1,1756.2140026666975,488.8859973333024,2245.1,31.0,31.5,29.3
6331,1591.7,1130.6314471026542,461.06855289734585,1591.7,30.7,31.2,29.6
6332,593.0,718.4793449910087,-125.4793449910087,593.0,29.1,30.7,28.9
6333,309.5,271.903450500645,37.59654949935498,309.5,28.9,29.9,28.9
6334,0.1,25.60635078266006,-25.506350782660057,0.1,26.7,28.9,26.7
6335,0.0,0.0,0.0,0.0,25.4,26.7,25.1
6336,0.0,0.0,0.0,0.0,25.0,25.4,24.8
6337,0.0,0.0,0.0,0.0,24.4,25.1,24.4
6338,0.0,0.0,0.0,0.0,23.4,24.4,23.4
6339,0.0,0.0,0.0,0.0,22.8,23.4,22.1
6340,0.0,0.0,0.0,0.0,23.2,23.4,22.7
6341,0.0,0.0,0.0,0.0,22.5,23.2,22.1
6342,0.0,5.705352336512421e-113,-5.705352336512421e-113,0.0,22.9,22.9,22.4
6343,0.0,0.0,0.0,0.0,22.6,23.3,22.6
6344,0.0,0.0,0.0,0.0,21.2,22.6,21.2
6345,0.0,0.0,0.0,0.0,20.8,21.2,20.8
6346,164.5,107.4539175564914,57.0460824435086,164.5,21.1,21.1,20.7
6347,800.2,630.3402153010691,169.85978469893098,800.2,23.2,23.2,21.1
6348,1776.6,1348.901271355559,427.69872864444096,1776.6,25.7,25.7,23.0
6349,2090.2,2106.9488542236013,-16.748854223601484,2090.2,26.3,26.8,25.5
6350,1582.9,2698.745183047713,-1115.8451830477134,1582.9,25.7,26.7,25.7
6351,1997.9,2372.8645213303143,-374.9645213303143,1997.9,27.4,27.9,25.6
6352,2276.1,2352.333791631324,-76.23379163132404,2276.1,27.7,28.4,26.9
6353,1727.6,1770.5726884789929,-42.97268847899295,1727.6,27.2,28.5,27.2
6354,1287.6,2109.6153513979352,-822.0153513979353,1287.6,27.6,27.6,27.1
6355,672.9,1000.0288007156936,-327.1288007156937,672.9,24.7,27.7,24.7
6356,303.3,82.30523211048467,220.99476788951532,303.3,24.4,24.7,24.1
6357,74.1,130.13139955795882,-56.03139955795882,74.1,23.5,24.4,23.5
6358,0.0,0.0,0.0,0.0,23.5,23.5,23.0
6359,0.0,0.0,0.0,0.0,22.7,23.5,22.7
6360,0.0,0.0,0.0,0.0,21.7,23.1,21.7
6361,0.0,0.0,0.0,0.0,21.0,21.8,21.0
6362,0.0,0.0,0.0,0.0,20.3,22.1,19.8
6363,0.0,0.0,0.0,0.0,20.2,20.8,19.7
6364,0.0,0.0,0.0,0.0,20.3,20.5,19.9
6365,0.0,0.0,0.0,0.0,21.5,21.5,20.3
6366,0.0,0.0,0.0,0.0,20.3,21.8,20.3
6367,0.0,0.0,0.0,0.0,19.8,20.3,19.8
6368,0.0,5e-324,-5e-324,0.0,19.0,19.8,19.0
6369,0.0,0.0,0.0,0.0,18.7,19.0,18.1
6370,72.9,169.7166633524059,-96.8166633524059,72.9,19.4,19.4,18.7
6371,454.7,787.5606080983562,-332.8606080983562,454.7,20.6,20.6,19.4
6372,859.7,1490.834243644967,-631.134243644967,859.7,22.2,22.2,20.5
6373,1334.3,1708.3668296805226,-374.0668296805227,1334.3,22.8,22.8,21.9
6374,2032.4,1690.8178905626523,341.5821094373477,2032.4,25.0,25.0,22.5
6375,3306.7,2120.6471431033515,1186.0528568966483,3306.7,27.4,27.7,24.7
6376,2804.2,2948.4310510302885,-144.23105103028865,2804.2,28.9,28.9,27.3
6377,3102.3,1725.1081531903644,1377.1918468096358,3102.3,29.6,30.1,28.3
6378,2711.1,2590.6429602044027,120.4570397955972,2711.1,30.3,31.2,29.6
6379,2070.3,1667.876743722727,402.42325627727314,2070.3,30.3,31.5,29.6
6380,1036.3,1009.580320964695,26.71967903530492,1036.3,28.8,30.9,28.8
6381,70.7,537.0960534965673,-466.3960534965673,70.7,27.7,28.8,27.7
6382,0.0,0.0,0.0,0.0,25.4,27.7,25.4
6383,0.0,0.0,0.0,0.0,23.7,25.4,23.7
6384,0.0,0.0,0.0,0.0,23.6,24.1,23.2
6385,0.0,1.698589858153193e-33,-1.698589858153193e-33,0.0,23.5,23.6,22.8
6386,0.0,0.0,0.0,0.0,23.0,23.5,23.0
6387,0.0,0.0,0.0,0.0,22.2,23.0,22.2
6388,0.0,0.0,0.0,0.0,21.3,22.2,21.3
6389,0.0,0.0,0.0,0.0,21.0,21.3,20.5
6390,0.0,0.0,0.0,0.0,20.8,21.8,20.8
6391,0.0,0.0,0.0,0.0,19.9,21.0,19.9
6392,0.0,0.0,0.0,0.0,19.9,20.1,19.9
6393,0.0,0.0,0.0,0.0,19.4,19.9,19.3
6394,60.3,109.22965843030045,-48.92965843030045,60.3,19.6,19.6,19.4
6395,212.6,550.8698129262797,-338.26981292627966,212.6,19.7,20.0,19.5
6396,595.5,1001.7346714777582,-406.2346714777582,595.5,20.7,20.7,19.6
6397,1231.6,1223.6897583649522,7.910241635047669,1231.6,22.1,22.1,20.7
6398,3230.9,1484.3744014092072,1746.525598590793,3230.9,25.6,25.8,22.2
6399,2852.9,3382.1538249316145,-529.2538249316144,2852.9,26.2,27.1,24.6
6400,3046.8,2582.473361523329,464.3266384766707,3046.8,26.7,27.1,25.7
6401,1453.5,2659.157834288199,-1205.657834288199,1453.5,25.7,26.9,25.7
6402,187.9,1412.3365598925989,-1224.4365598925988,187.9,22.7,25.7,22.7
6403,63.0,315.8778738175035,-252.87787381750348,63.0,21.7,22.8,21.7
6404,99.4,0.0,99.4,99.4,20.8,21.7,20.8
6405,94.2,0.0,94.2,94.2,21.0,21.1,20.8
6406,0.1,15.592016789278476,-15.492016789278477,0.1,21.2,21.3,20.8
6407,0.0,0.0578664051920526,-0.0578664051920526,0.0,21.1,21.3,21.0
6408,0.0,1.5503468498441792e-17,-1.5503468498441792e-17,0.0,20.5,21.1,20.5
6409,0.0,0.0,0.0,0.0,20.9,21.0,20.5
6410,0.0,0.0,0.0,0.0,20.0,20.9,20.0
6411,0.0,0.0,0.0,0.0,19.2,20.0,19.2
6412,0.0,0.0,0.0,0.0,18.1,19.2,18.1
6413,0.0,0.0,0.0,0.0,17.4,18.1,17.4
6414,0.0,0.0,0.0,0.0,17.8,17.8,17.3
6415,0.0,0.0,0.0,0.0,17.8,17.9,17.8
6416,0.0,0.0,0.0,0.0,17.9,17.9,17.8
6417,0.0,0.0,0.0,0.0,18.3,18.3,17.9
6418,147.2,61.66478650671788,85.5352134932821,147.2,18.7,18.7,18.3
6419,1039.4,356.0655316511793,683.3344683488208,1039.4,19.5,19.7,18.6
6420,1776.1,1096.8193241058627,679.2806758941372,1776.1,20.5,20.7,19.4
6421,2519.1,1830.803624176293,688.296375823707,2519.1,22.8,22.8,20.4
6422,2925.4,3232.5872595938754,-307.1872595938753,2925.4,23.7,24.1,22.5
6423,3030.3,3125.288334250121,-94.98833425012072,3030.3,24.6,25.5,23.7
6424,2490.9,2821.5884101861348,-330.68841018613466,2490.9,25.4,26.2,24.6
6425,2055.4,1961.674588486192,93.72541151380848,2055.4,26.5,26.7,25.0
6426,2121.5,1292.5407495852355,828.9592504147643,2121.5,25.9,27.5,25.7
6427,1270.3,1435.9763595611291,-165.67635956112915,1270.3,26.1,27.2,25.5
6428,871.8,692.1067346475913,179.69326535240862,871.8,25.8,26.6,25.4
6429,262.4,282.29280648209146,-19.892806482091487,262.4,25.1,25.8,25.1
6430,0.0,107.95901303311962,-107.95901303311962,0.0,24.2,25.1,24.1
6431,0.0,0.0,0.0,0.0,23.3,24.2,23.3
6432,0.0,0.0,0.0,0.0,22.3,23.3,22.3
6433,0.0,0.0,0.0,0.0,21.7,22.4,21.6
6434,0.0,0.0,0.0,0.0,21.1,21.7,20.9
6435,0.0,0.0,0.0,0.0,21.1,21.1,20.8
6436,0.0,0.0,0.0,0.0,20.2,21.0,20.2
6437,0.0,0.0,0.0,0.0,19.3,20.2,19.3
6438,0.0,1.53e-322,-1.53e-322,0.0,18.5,19.3,18.5
6439,0.0,0.0,0.0,0.0,17.9,18.5,17.9
6440,0.0,0.0,0.0,0.0,17.5,18.0,17.5
6441,0.0,0.0,0.0,0.0,16.9,17.5,16.9
6442,102.2,97.16898260455004,5.03101739544995,102.2,17.2,17.2,16.9
6443,294.3,592.4012298252907,-298.10122982529066,294.3,17.4,17.4,17.1
6444,444.2,940.3021484269608,-496.1021484269607,444.2,18.2,18.2,17.4
6445,1589.7,1362.697720337267,227.00227966273317,1589.7,20.0,20.8,18.1
6446,2698.4,2757.9774471923183,-59.57744719231823,2698.4,21.3,21.8,20.0
6447,3019.9,2640.620264462813,379.2797355371872,3019.9,23.4,23.6,21.3
6448,3621.2,2731.633786538716,889.566213461284,3621.2,25.0,25.2,23.3
6449,3584.8,2248.8871957378874,1335.9128042621128,3584.8,26.2,26.4,25.0
6450,2929.4,2233.652238534897,695.7477614651029,2929.4,27.1,27.2,25.9
6451,2324.3,1711.1166630207172,613.183336979283,2324.3,27.5,27.8,26.7
6452,1177.2,1457.0400190529558,-279.84001905295577,1177.2,26.3,27.6,26.0
6453,317.2,589.0329319234584,-271.8329319234584,317.2,25.0,26.3,25.0
6454,1.0,88.16945270347588,-87.16945270347588,1.0,23.7,25.0,23.6
6455,0.0,0.5621609449661717,-0.5621609449661717,0.0,23.0,23.9,22.9
6456,0.0,0.0,0.0,0.0,21.7,23.1,21.7
6457,0.0,0.0,0.0,0.0,20.9,21.7,20.7
6458,0.0,0.0,0.0,0.0,20.3,20.9,20.3
6459,0.0,0.0,0.0,0.0,20.0,20.4,20.0
6460,0.0,0.0,0.0,0.0,19.6,20.1,19.6
6461,0.0,0.0,0.0,0.0,18.6,19.7,18.6
6462,0.0,3.420465711940012e-114,-3.420465711940012e-114,0.0,17.5,18.6,17.5
6463,0.0,3.43018645389395e-210,-3.43018645389395e-210,0.0,16.7,17.6,16.7
6464,0.0,0.0,0.0,0.0,16.1,16.9,16.0
6465,0.0,0.0,0.0,0.0,15.3,16.1,15.3
6466,273.7,115.07741864535646,158.62258135464353,273.7,16.1,16.1,15.3
6467,1151.9,700.5476846989777,451.3523153010224,1151.9,18.0,18.0,16.0
6468,2061.9,1330.1274215497692,731.7725784502309,2061.9,19.3,19.4,17.7
6469,2825.2,2512.081172231576,313.1188277684241,2825.2,21.0,21.5,19.2
6470,3383.7,3155.885342918161,227.81465708183896,3383.7,24.0,24.0,20.9
6471,3663.0,3266.131758432387,396.868241567613,3663.0,25.8,25.9,23.6
6472,3679.3,3357.4994348330783,321.80056516692184,3679.3,26.6,27.0,25.3
6473,3445.3,3128.076391842788,317.2236081572123,3445.3,28.4,28.5,26.1
6474,2961.8,2831.845620584374,129.95437941562614,2961.8,28.5,28.7,27.8
6475,1886.2,2041.6413023152795,-155.44130231527924,1886.2,27.8,28.5,26.8
6476,1351.7,1074.7206465716329,276.9793534283672,1351.7,27.3,28.2,27.3
6477,392.1,502.7116120373531,-110.6116120373531,392.1,25.9,27.5,25.9
6478,0.4,72.10519861771081,-71.7051986177108,0.4,24.3,25.9,24.2
6479,0.0,0.0,0.0,0.0,23.5,24.3,23.4
6480,0.0,9.206536798986357e-19,-9.206536798986357e-19,0.0,22.9,23.5,22.8
6481,0.0,0.0,0.0,0.0,21.9,22.9,21.9
6482,0.0,0.0,0.0,0.0,21.0,21.9,21.0
6483,0.0,0.0,0.0,0.0,20.2,21.0,20.2
6484,0.0,0.0,0.0,0.0,19.3,20.2,19.3
6485,0.0,0.0,0.0,0.0,18.9,19.5,18.7
6486,0.0,0.0,0.0,0.0,17.1,18.9,16.6
6487,0.0,2.1e-322,-2.1e-322,0.0,15.5,17.1,15.0
6488,0.0,0.0,0.0,0.0,16.0,18.5,15.5
6489,0.0,0.0,0.0,0.0,17.5,17.6,15.6
6490,288.3,177.4363032203828,110.8636967796172,288.3,19.6,19.6,15.9
6491,1165.9,751.4677786697429,414.4322213302572,1165.9,21.4,21.4,19.5
6492,2091.9,1475.5172234349457,616.3827765650544,2091.9,22.4,22.8,21.2
6493,2862.0,2606.0140833621103,255.9859166378897,2862.0,24.5,24.7,22.3
6494,3385.8,3306.170044953762,79.62995504623814,3385.8,26.7,27.4,24.3
6495,3656.3,3441.961618606309,214.33838139369072,3656.3,28.8,28.9,26.5
6496,3656.0,3714.032272058576,-58.03227205857547,3656.0,29.8,29.9,28.0
6497,3186.4,3420.575201491168,-234.17520149116763,3186.4,30.8,31.0,29.2
6498,2815.8,2692.446252831688,123.35374716831213,2815.8,31.1,31.1,29.9
6499,2189.2,1994.7826095053333,194.4173904946665,2189.2,30.7,31.1,30.2
6500,1340.3,1320.8540025212128,19.44599747878715,1340.3,29.8,31.2,29.8
6501,378.6,426.4905875089314,-47.89058750893139,378.6,28.1,29.8,28.1
6502,0.2,28.64522515786089,-28.445225157860893,0.2,25.5,28.1,25.4
6503,0.0,0.0,0.0,0.0,24.0,25.5,23.8
6504,0.0,0.0,0.0,0.0,24.5,24.6,23.7
6505,0.0,0.0,0.0,0.0,24.0,24.5,24.0
6506,0.0,3.6898485729915e-67,-3.6898485729915e-67,0.0,22.7,24.0,22.7
6507,0.0,0.0,0.0,0.0,21.2,22.8,21.2
6508,0.0,0.0,0.0,0.0,17.2,21.2,17.2
6509,0.0,0.0,0.0,0.0,16.6,17.2,16.2
6510,0.0,0.0,0.0,0.0,16.4,16.6,16.1
6511,0.0,0.0,0.0,0.0,15.7,16.4,15.7
6512,0.0,0.0,0.0,0.0,15.2,15.7,14.9
6513,0.0,0.0,0.0,0.0,14.3,15.6,14.3
6514,301.4,261.8854554996014,39.514544500398586,301.4,19.4,19.4,14.2
6515,1195.0,1102.636703191812,92.3632968081879,1195.0,22.5,22.5,19.4
6516,2118.5,2002.619207242882,115.88079275711787,2118.5,24.5,24.7,22.5
6517,2878.5,2757.123274829868,121.37672517013245,2878.5,25.5,25.7,24.3
6518,3418.0,3287.764834913821,130.23516508617877,3418.0,28.3,28.4,25.5
6519,3663.9,3565.0831762849048,98.81682371509532,3663.9,29.7,30.0,27.8
6520,3648.9,3566.4989210424333,82.40107895756682,3648.9,30.2,30.5,29.2
6521,3352.3,3222.102060638611,130.19793936138922,3352.3,31.4,31.4,30.0
6522,2904.4,2846.546184711841,57.85381528815924,2904.4,31.3,32.3,30.7
6523,2253.4,2029.975176513407,223.42482348659317,2253.4,31.1,31.9,30.8
6524,1363.5,1460.1645864613772,-96.6645864613772,1363.5,30.2,31.1,30.2
6525,397.4,423.331887859639,-25.931887859639005,397.4,28.3,30.3,28.3
6526,0.4,22.988735856012998,-22.588735856012995,0.4,26.4,28.3,26.4
6527,0.0,0.0725876728687618,-0.0725876728687618,0.0,25.5,26.5,25.5
6528,0.0,1.8419396145911763e-18,-1.8419396145911763e-18,0.0,24.7,25.5,24.7
6529,0.0,0.0,0.0,0.0,24.6,24.8,24.4
6530,0.0,0.0,0.0,0.0,24.1,24.6,23.7
6531,0.0,0.0,0.0,0.0,23.5,24.2,23.5
6532,0.0,0.0,0.0,0.0,21.5,23.5,21.5
6533,0.0,0.0,0.0,0.0,22.8,22.9,21.3
6534,0.0,0.0,0.0,0.0,22.0,23.1,22.0
6535,0.0,0.0,0.0,0.0,23.1,23.1,21.9
6536,0.0,0.0,0.0,0.0,21.7,23.1,21.7
6537,0.0,0.0,0.0,0.0,20.6,21.7,20.4
6538,314.9,274.82450106142403,40.07549893857595,314.9,22.6,22.6,20.4
6539,1207.4,1123.596117672981,83.80388232701898,1207.4,24.2,24.2,22.6
6540,2142.6,2024.764445857016,117.83555414298372,2142.6,26.2,26.2,24.2
6541,2898.3,2780.976463080134,117.323536919866,2898.3,28.2,28.3,26.1
6542,3419.6,3302.0759018295003,117.52409817049966,3419.6,29.9,30.1,27.9
6543,3695.5,3557.687936823878,137.81206317612214,3695.5,30.1,30.4,29.5
6544,3696.2,3571.554552668752,124.64544733124784,3696.2,30.6,31.0,29.7
6545,3401.8,3221.619870759749,180.18012924025103,3401.8,31.7,31.9,30.3
6546,2883.9,2874.873815285171,9.026184714829014,2883.9,31.0,31.9,30.9
6547,2168.6,2199.24345554673,-30.64345554672991,2168.6,31.4,32.0,30.9
6548,1306.4,1317.769427615223,-11.36942761522323,1306.4,30.5,31.4,30.5
6549,396.8,389.0545301567947,7.745469843205285,396.8,28.7,30.7,28.7
6550,0.5,20.906001180422948,-20.406001180422948,0.5,27.3,28.7,27.2
6551,0.0,0.1284584032744418,-0.1284584032744418,0.0,26.7,27.4,26.5
6552,0.0,0.0,0.0,0.0,25.9,26.7,25.8
6553,0.0,0.0,0.0,0.0,24.8,26.0,24.8
6554,0.0,0.0,0.0,0.0,23.9,24.8,23.9
6555,0.0,0.0,0.0,0.0,23.7,24.0,23.5
6556,0.0,0.0,0.0,0.0,20.1,23.7,20.1
6557,0.0,2.7628264372393623e-97,-2.7628264372393623e-97,0.0,17.7,20.1,17.7
6558,0.0,0.0,0.0,0.0,22.0,22.2,17.5
6559,0.0,0.0,0.0,0.0,21.2,22.0,21.1
6560,0.0,0.0,0.0,0.0,20.6,21.4,20.3
6561,0.0,0.0,0.0,0.0,19.5,21.0,19.5
6562,339.7,287.2536484118703,52.44635158812969,339.7,21.2,21.2,19.5
6563,1018.6,1150.229686007551,-131.62968600755096,1018.6,22.2,22.7,21.2
6564,2118.1,1925.7578304414403,192.34216955855936,2118.1,24.8,24.8,22.2
6565,2650.0,2769.808247520129,-119.80824752012904,2650.0,26.6,26.8,24.8
6566,2980.3,3160.808442215557,-180.50844221555732,2980.3,28.7,28.8,26.6
6567,3100.8,3307.410714626692,-206.6107146266918,3100.8,29.4,29.7,28.0
6568,3056.8,3227.888458407182,-171.08845840718186,3056.8,30.4,31.2,29.0
6569,3213.6,2930.372626190316,283.2273738096842,3213.6,31.3,31.7,30.1
6570,2800.2,2735.1421112041494,65.05788879585043,2800.2,31.6,32.2,30.8
6571,2089.5,2120.1347230776023,-30.634723077602303,2089.5,31.4,31.9,31.1
6572,1100.2,1261.0990397131436,-160.89903971314357,1100.2,30.3,31.7,30.2
6573,324.1,285.8301855054559,38.26981449454411,324.1,28.8,30.3,28.8
6574,0.0,0.0,0.0,0.0,27.3,28.8,27.3
6575,0.0,0.0,0.0,0.0,26.5,27.4,26.3
6576,0.0,0.0,0.0,0.0,25.4,26.5,25.4
6577,0.0,0.0,0.0,0.0,24.6,25.4,24.5
6578,0.0,0.0,0.0,0.0,23.4,24.6,23.4
6579,0.0,0.0,0.0,0.0,23.1,23.6,23.1
6580,0.0,0.0,0.0,0.0,22.6,23.1,22.4
6581,0.0,0.0,0.0,0.0,22.2,22.6,22.2
6582,0.0,0.0,0.0,0.0,21.8,22.4,21.7
6583,0.0,0.0,0.0,0.0,21.2,21.9,21.1
6584,0.0,0.0,0.0,0.0,20.9,21.4,20.8
6585,0.0,0.0,0.0,0.0,20.1,20.9,20.0
6586,307.8,304.7795243565804,3.020475643419616,307.8,20.9,20.9,19.7
6587,1200.9,1035.09673399999,165.80326600001013,1200.9,22.2,22.5,20.9
6588,2130.3,2080.7969486818565,49.50305131814366,2130.3,25.0,25.2,22.2
6589,2918.3,2666.036709209725,252.26329079027528,2918.3,27.0,27.2,24.7
6590,3479.4,3173.505872948641,305.8941270513592,3479.4,27.7,28.8,27.0
6591,3756.0,3455.294662730012,300.7053372699884,3756.0,29.8,29.8,27.7
6592,3741.5,3490.408959688948,251.091040311052,3741.5,29.6,30.2,28.8
6593,3494.9,3435.2523862884914,59.64761371150871,3494.9,30.4,31.2,29.6
6594,2976.9,2892.037792238295,84.86220776170512,2976.9,30.7,31.1,30.2
6595,2246.6,2177.5711185619293,69.02888143807058,2246.6,30.7,31.0,30.3
6596,1359.3,1274.7881863905243,84.51181360947544,1359.3,30.0,30.8,29.9
6597,443.2,477.130426132554,-33.93042613255403,443.2,28.0,30.0,28.0
6598,0.2,64.28232308122085,-64.08232308122085,0.2,26.4,28.0,26.4
6599,0.0,0.0,0.0,0.0,25.3,26.4,25.3
6600,0.0,7.817894382992236e-18,-7.817894382992236e-18,0.0,24.4,25.4,24.4
6601,0.0,1.1226339520076457e-65,-1.1226339520076457e-65,0.0,23.6,24.5,23.5
6602,0.0,0.0,0.0,0.0,22.3,23.7,22.2
6603,0.0,0.0,0.0,0.0,21.3,22.6,21.2
6604,0.0,0.0,0.0,0.0,21.5,21.7,21.1
6605,0.0,0.0,0.0,0.0,20.6,21.5,20.6
6606,0.0,0.0,0.0,0.0,19.5,20.6,19.5
6607,0.0,0.0,0.0,0.0,19.1,19.5,19.0
6608,0.0,0.0,0.0,0.0,18.1,19.2,18.1
6609,0.0,0.0,0.0,0.0,17.5,18.2,17.5
6610,347.1,301.1023671083991,45.99763289160092,347.1,18.4,18.5,17.5
6611,1265.2,1062.416888577671,202.78311142232903,1265.2,19.5,19.9,18.4
6612,2118.5,2114.278495021144,4.221504978856046,2118.5,21.5,21.7,19.5
6613,2885.9,2678.5209320378194,207.37906796218067,2885.9,23.8,24.0,21.4
6614,3388.1,3185.1584138911085,202.94158610889144,3388.1,26.4,26.4,23.8
6615,3590.1,3422.163782237013,167.93621776298687,3590.1,27.4,27.9,25.9
6616,3674.4,3404.530893836497,269.86910616350315,3674.4,29.0,29.3,27.3
6617,3419.1,3424.445806533907,-5.345806533907307,3419.1,29.6,29.8,28.7
6618,2922.4,2865.552726673574,56.84727332642615,2922.4,30.7,31.0,29.4
6619,2194.5,2157.480715199292,37.01928480070819,2194.5,30.0,30.8,29.7
6620,1316.7,1250.901170657129,65.79882934287139,1316.7,29.4,30.3,29.4
6621,397.1,458.16631275051145,-61.06631275051143,397.1,27.8,29.4,27.7
6622,0.9,22.73821720720832,-21.838217207208324,0.9,26.7,27.8,26.7
6623,0.0,0.4762995824067911,-0.4762995824067911,0.0,25.6,26.7,25.6
6624,0.0,3.2862488360668283e-17,-3.2862488360668283e-17,0.0,24.2,25.6,24.2
6625,0.0,0.0,0.0,0.0,23.2,24.2,23.2
6626,0.0,0.0,0.0,0.0,22.3,23.3,22.3
6627,0.0,0.0,0.0,0.0,21.8,22.3,21.8
6628,0.0,0.0,0.0,0.0,21.6,21.9,21.2
6629,0.0,0.0,0.0,0.0,20.1,21.6,20.1
6630,0.0,0.0,0.0,0.0,19.3,20.2,19.2
6631,0.0,0.0,0.0,0.0,18.4,19.3,18.3
6632,0.0,0.0,0.0,0.0,17.8,18.4,17.8
6633,0.0,0.0,0.0,0.0,17.6,17.9,17.6
6634,327.5,305.7708539284804,21.729146071519608,327.5,18.7,18.7,17.6
6635,1229.3,1163.2158203667448,66.08417963325519,1229.3,20.5,20.5,18.7
6636,2142.3,2027.1067932565425,115.19320674345772,2142.3,22.4,22.6,20.5
6637,2915.8,2801.13021569179,114.66978430821018,2915.8,24.2,24.5,22.2
6638,3448.3,3325.035541764053,123.26445823594712,3448.3,25.8,26.2,24.1
6639,3705.2,3569.597518096388,135.602481903612,3705.2,27.7,27.7,25.7
6640,3697.5,3624.148491031763,73.35150896823689,3697.5,29.4,29.4,27.6
6641,3439.3,3365.4663949831465,73.83360501685365,3439.3,29.5,29.9,28.6
6642,2917.5,2878.3472599276392,39.15274007236076,2917.5,29.5,30.5,29.0
6643,2109.7,2169.348347023248,-59.64834702324788,2109.7,29.3,30.2,29.1
6644,1190.3,1270.6351307488076,-80.33513074880761,1190.3,28.3,29.3,28.3
6645,377.8,357.4025758126739,20.397424187326124,377.8,26.8,28.4,26.8
6646,1.2,0.0,1.2,1.2,25.8,26.8,25.8
6647,0.0,0.4014004122490249,-0.4014004122490249,0.0,24.7,25.8,24.5
6648,0.0,1.8044015644210178e-17,-1.8044015644210178e-17,0.0,24.1,24.7,24.0
6649,0.0,0.0,0.0,0.0,23.1,24.1,23.1
6650,0.0,0.0,0.0,0.0,22.8,23.2,22.7
6651,0.0,0.0,0.0,0.0,22.1,22.8,22.1
6652,0.0,0.0,0.0,0.0,21.6,22.1,21.6
6653,0.0,0.0,0.0,0.0,21.3,21.8,21.3
6654,0.0,0.0,0.0,0.0,20.9,21.4,20.8
6655,0.0,0.0,0.0,0.0,20.0,20.9,20.0
6656,0.0,0.0,0.0,0.0,19.5,20.0,19.5
6657,0.0,0.0,0.0,0.0,19.1,19.5,19.1
6658,355.4,313.79488361709264,41.60511638290734,355.4,19.8,19.8,18.9
6659,1225.8,1185.823793676661,39.976206323339056,1225.8,21.2,21.4,19.7
6660,2097.0,2023.185172624453,73.81482737554711,2097.0,23.2,23.2,21.2
6661,2867.2,2769.422291743007,97.7777082569928,2867.2,25.6,25.7,23.2
6662,3473.1,3283.3112035535387,189.7887964464612,3473.1,25.9,26.3,24.6
6663,3747.2,3572.027545477353,175.1724545226466,3747.2,28.0,28.0,25.9
6664,3719.5,3641.966774810761,77.53322518923869,3719.5,28.3,28.9,27.6
6665,3465.3,3365.800384925564,99.4996150744364,3465.3,29.0,29.7,28.0
6666,2966.4,2881.983058746292,84.41694125370805,2966.4,29.5,30.1,28.9
6667,2251.7,2150.816777177727,100.88322282227271,2251.7,29.5,29.9,29.3
6668,1317.8,1313.9780922330012,3.82190776699872,1317.8,28.7,29.8,28.7
6669,400.2,451.3323924875773,-51.132392487577306,400.2,27.7,29.1,27.7
6670,1.5,24.333186039550554,-22.833186039550554,1.5,26.3,27.7,26.3
6671,0.0,0.307252488337193,-0.307252488337193,0.0,25.0,26.3,24.9
6672,0.0,0.0,0.0,0.0,24.3,25.0,24.2
6673,0.0,0.0,0.0,0.0,24.2,24.6,24.1
6674,0.0,6.468968876328091e-46,-6.468968876328091e-46,0.0,23.7,24.3,23.7
6675,0.0,0.0,0.0,0.0,23.1,23.7,23.0
6676,0.0,0.0,0.0,0.0,22.5,23.1,22.5
6677,0.0,0.0,0.0,0.0,22.2,22.7,22.1
6678,0.0,0.0,0.0,0.0,22.0,22.2,21.5
6679,0.0,0.0,0.0,0.0,20.4,22.2,20.4
6680,0.0,0.0,0.0,0.0,17.9,21.1,17.9
6681,0.0,0.0,0.0,0.0,16.9,18.3,16.9
6682,323.9,319.8440994396978,4.055900560302177,323.9,22.1,22.1,16.9
6683,1223.9,1149.9089717376,73.99102826240005,1223.9,23.2,23.2,22.1
6684,2122.4,2026.2701228294916,96.12987717050872,2122.4,25.4,25.5,23.2
6685,2858.5,2787.0756322194493,71.42436778055071,2858.5,27.3,27.3,25.2
6686,3334.8,3329.7396407245205,5.060359275479641,3334.8,29.3,29.8,27.4
6687,3557.7,3543.979801411177,13.720198588822312,3557.7,30.3,30.3,28.6
6688,3641.5,3511.5360501606256,129.96394983937444,3641.5,31.1,31.1,29.4
6689,3422.8,3332.5319629186997,90.26803708130092,3422.8,31.0,31.8,30.5
6690,2248.3,2868.2934363912173,-619.9934363912171,2248.3,30.4,31.7,30.1
6691,1247.5,1740.9574949280511,-493.4574949280511,1247.5,31.3,31.5,30.1
6692,1296.7,699.5854885048592,597.1145114951408,1296.7,30.8,31.8,30.8
6693,374.7,436.60476504527793,-61.90476504527794,374.7,29.2,30.9,29.2
6694,1.1,7.283122666171977,-6.183122666171977,1.1,27.3,29.2,27.3
6695,0.0,0.0,0.0,0.0,27.2,27.8,27.2
6696,0.0,2.2993828320800872e-17,-2.2993828320800872e-17,0.0,26.7,27.2,26.7
6697,0.0,0.0,0.0,0.0,22.5,26.7,22.5
6698,0.0,1.4951688535567982e-49,-1.4951688535567982e-49,0.0,22.8,23.2,21.2
6699,0.0,0.0,0.0,0.0,20.5,24.0,20.5
6700,0.0,0.0,0.0,0.0,24.0,24.0,20.0
6701,0.0,0.0,0.0,0.0,20.8,24.1,20.2
6702,0.0,0.0,0.0,0.0,18.9,20.8,18.9
6703,0.0,0.0,0.0,0.0,18.0,18.9,18.0
6704,0.0,0.0,0.0,0.0,18.4,18.5,17.8
6705,0.8,0.0,0.8,0.8,17.8,18.4,17.7
6706,321.4,318.12987023577574,3.2701297642242366,321.4,23.1,23.1,17.6
6707,1172.1,1150.0206795919432,22.079320408056677,1172.1,26.4,26.5,23.1
6708,2052.6,1992.055958544313,60.544041455686965,2052.6,27.8,28.0,26.4
6709,2780.7,2727.414723080537,53.285276919462376,2780.7,30.5,30.6,27.8
6710,3321.5,3245.5972036245603,75.90279637543972,3321.5,31.3,31.6,30.1
6711,3699.7,3499.217474104944,200.48252589505591,3699.7,32.2,32.7,31.1
6712,3196.7,3615.2403994474944,-418.54039944749456,3196.7,32.5,33.7,31.9
6713,2336.9,3077.308401786777,-740.4084017867767,2336.9,32.5,33.7,31.4
6714,1649.9,1897.6807462176623,-247.78074621766245,1649.9,31.3,33.4,31.3
6715,1422.2,1153.7968113100624,268.4031886899377,1422.2,32.9,32.9,31.3
6716,1318.4,1107.2515977853438,211.14840221465624,1318.4,31.9,33.0,31.9
6717,348.0,418.6888932949149,-70.68889329491492,348.0,29.9,32.0,29.9
6718,0.7,0.0,0.7,0.7,25.1,29.9,25.1
6719,0.0,0.0,0.0,0.0,24.5,25.2,23.9
6720,0.0,0.0,0.0,0.0,24.7,27.8,24.5
6721,0.0,0.0,0.0,0.0,27.2,27.4,24.6
6722,0.0,0.0,0.0,0.0,24.3,27.2,24.3
6723,0.0,0.0,0.0,0.0,25.5,26.2,24.1
6724,0.0,0.0,0.0,0.0,25.4,26.0,25.4
6725,0.0,0.0,0.0,0.0,24.9,25.8,24.9
6726,0.0,0.0,0.0,0.0,24.7,25.1,24.5
6727,0.0,0.0,0.0,0.0,23.3,24.8,23.3
6728,0.0,0.0,0.0,0.0,21.9,23.5,21.3
6729,0.0,0.3900619406880516,-0.3900619406880516,0.0,21.1,23.4,20.0
6730,324.0,302.45325619126595,21.54674380873405,324.0,24.8,24.8,21.2
6731,1190.0,1135.793319552654,54.20668044734612,1190.0,26.6,26.7,24.9
6732,2086.6,1997.23838347022,89.3616165297799,2086.6,28.4,28.5,26.5
6733,2845.6,2721.221928808663,124.37807119133686,2845.6,30.7,30.8,28.3
6734,3361.4,3242.768802819649,118.63119718035114,3361.4,31.7,31.9,30.2
6735,3492.8,3550.1033317858264,-57.30333178582623,3492.8,32.3,33.0,31.5
6736,3137.4,3251.079465134437,-113.67946513443712,3137.4,32.0,33.9,31.8
6737,2740.7,2645.065171877886,95.63482812211396,2740.7,32.1,33.8,31.8
6738,2564.6,1852.71730607536,711.8826939246399,2564.6,32.3,34.2,32.2
6739,952.0,1700.2897263709228,-748.2897263709228,952.0,32.3,32.5,31.5
6740,490.2,1047.1786233463154,-556.9786233463153,490.2,30.6,32.3,30.6
6741,115.2,0.0,115.2,115.2,29.7,30.6,29.7
6742,0.0,0.0,0.0,0.0,26.7,29.7,25.7
6743,0.0,0.0,0.0,0.0,27.9,28.2,26.4
6744,0.0,0.0,0.0,0.0,27.5,27.9,27.4
6745,0.0,3.2838976550065404e-132,-3.2838976550065404e-132,0.0,26.5,27.6,26.4
6746,0.0,0.0,0.0,0.0,25.9,26.6,25.8
6747,0.0,0.0,0.0,0.0,25.1,25.9,25.1
6748,0.0,0.0,0.0,0.0,24.7,25.2,24.7
6749,0.0,1.472190581886418e-63,-1.472190581886418e-63,0.0,23.8,24.7,23.7
6750,0.0,0.0,0.0,0.0,22.7,23.8,21.8
6751,0.0,0.0,0.0,0.0,22.9,23.3,22.6
6752,0.0,0.0,0.0,0.0,21.9,22.9,21.9
6753,2.4,0.3591816086935447,2.040818391306455,2.4,21.6,21.9,20.9
6754,324.3,304.20841841503443,20.09158158496558,324.3,22.7,22.7,21.6
6755,1171.6,1121.7370300160524,49.86296998394755,1171.6,23.8,24.0,22.7
6756,2019.4,1980.6620409688103,38.7379590311898,2019.4,25.5,25.6,23.7
6757,2816.3,2687.26552996058,129.03447003942028,2816.3,26.5,26.8,25.0
6758,3338.2,3241.118256168207,97.08174383179266,3338.2,27.9,28.0,26.4
6759,3632.4,3491.0904597566832,141.30954024331686,3632.4,29.3,29.5,27.8
6760,3606.2,3126.718139040673,479.4818609593267,3606.2,30.5,31.4,29.1
6761,3415.5,2767.8164314926507,647.6835685073493,3415.5,31.0,31.6,30.0
6762,2926.5,2604.951235319345,321.54876468065504,2926.5,31.3,31.6,30.5
6763,2196.1,1655.704763616244,540.3952363837559,2196.1,30.7,31.4,30.4
6764,1308.5,1481.439026793385,-172.93902679338498,1308.5,29.8,30.6,29.8
6765,398.0,495.8429274680722,-97.84292746807222,398.0,28.5,29.8,28.5
6766,2.5,110.44067526331472,-107.94067526331472,2.5,27.4,28.5,27.4
6767,0.0,1.2991300660100498,-1.2991300660100498,0.0,26.4,27.4,26.4
6768,0.0,0.0,0.0,0.0,25.8,26.4,25.7
6769,0.0,1.3676091120967155e-32,-1.3676091120967155e-32,0.0,25.3,25.8,25.2
6770,0.0,0.0,0.0,0.0,24.4,25.3,24.4
6771,0.0,0.0,0.0,0.0,24.3,24.6,24.1
6772,0.0,0.0,0.0,0.0,23.0,24.3,23.0
6773,0.0,0.0,0.0,0.0,22.3,23.1,22.0
6774,0.0,2.4801381429740043e-112,-2.4801381429740043e-112,0.0,21.8,22.5,21.7
6775,0.0,0.0,0.0,0.0,20.9,21.8,20.9
6776,0.0,0.0,0.0,0.0,19.2,20.9,19.1
6777,1.6,1.164511052950671,0.435488947049329,1.6,20.1,20.2,18.0
6778,356.2,304.70443725837305,51.49556274162694,356.2,21.3,21.3,20.0
6779,1240.2,1139.5929019713744,100.6070980286256,1240.2,23.2,23.2,21.3
6780,2132.9,2005.6239288145407,127.27607118545892,2132.9,25.2,25.5,23.0
6781,2869.0,2781.3417771761037,87.65822282389672,2869.0,26.6,26.6,25.0
6782,3360.7,3271.7745725368845,88.92542746311528,3360.7,27.0,27.8,26.2
6783,3577.6,3476.848689927214,100.75131007278604,3577.6,28.6,28.7,27.0
6784,3658.9,3311.4465873908744,347.45341260912573,3658.9,30.2,30.3,28.1
6785,3456.2,3191.391231782307,264.8087682176929,3456.2,31.1,31.3,29.7
6786,2927.1,2915.779402010133,11.32059798986711,2927.1,31.0,31.1,29.8
6787,1750.8,1702.6305476437144,48.16945235628555,1750.8,29.4,31.1,29.2
6788,927.4,1008.3616365615824,-80.96163656158251,927.4,29.4,30.6,29.4
6789,280.3,286.85345048368043,-6.553450483680422,280.3,28.2,29.4,28.2
6790,1.2,21.861360782131925,-20.66136078213193,1.2,26.8,28.2,26.8
6791,0.0,0.0,0.0,0.0,26.3,26.9,26.3
6792,0.0,0.0,0.0,0.0,25.7,26.4,25.6
6793,0.0,0.0,0.0,0.0,25.1,25.6,24.9
6794,0.0,0.0,0.0,0.0,24.3,25.1,24.3
6795,0.0,0.0,0.0,0.0,23.4,24.3,23.4
6796,0.0,1.550826029577066e-82,-1.550826029577066e-82,0.0,21.0,23.6,21.0
6797,0.0,0.0,0.0,0.0,22.9,23.1,20.7
6798,0.0,0.0,0.0,0.0,21.4,22.9,21.4
6799,0.0,0.0,0.0,0.0,22.4,22.5,21.4
6800,0.0,0.0,0.0,0.0,20.8,22.4,20.8
6801,0.6,1.874607612321711,-1.2746076123217112,0.6,21.0,21.0,20.4
6802,385.7,321.19937018472865,64.50062981527134,385.7,22.9,22.9,21.0
6803,1252.3,1177.789933137425,74.51006686257529,1252.3,23.8,24.0,22.9
6804,1795.1,2029.0778294608967,-233.97782946089728,1795.1,25.4,25.5,23.3
6805,2907.9,2586.82583598192,321.07416401807995,2907.9,26.6,27.0,25.3
6806,3363.2,3295.0346695359244,68.1653304640754,3363.2,28.5,28.7,26.6
6807,3296.4,3521.6973855558854,-225.29738555588528,3296.4,29.8,30.3,28.2
6808,3306.9,3368.7023194671256,-61.80231946712547,3306.9,30.8,31.4,29.8
6809,1559.6,3172.356911423274,-1612.7569114232742,1559.6,29.6,30.8,29.6
6810,869.5,1768.0880381057214,-898.5880381057214,869.5,29.6,30.0,29.2
6811,304.4,729.937459793825,-425.53745979382506,304.4,28.7,29.6,28.5
6812,329.4,124.80096035172085,204.59903964827916,329.4,28.7,28.8,28.6
6813,108.3,0.0,108.3,108.3,27.5,28.7,27.5
6814,0.0,0.0,0.0,0.0,26.5,27.5,26.5
6815,0.0,0.0,0.0,0.0,25.8,26.5,25.8
6816,0.0,0.0,0.0,0.0,24.3,25.8,24.3
6817,0.0,0.0,0.0,0.0,23.6,24.3,23.6
6818,0.0,0.0,0.0,0.0,23.1,23.6,23.1
6819,0.0,0.0,0.0,0.0,23.2,23.3,23.0
6820,0.0,0.0,0.0,0.0,23.1,23.3,22.9
6821,0.0,0.0,0.0,0.0,22.7,23.1,22.7
6822,0.0,0.0,0.0,0.0,22.4,22.7,22.4
6823,0.0,0.0,0.0,0.0,21.8,22.4,21.8
6824,0.0,0.0,0.0,0.0,21.7,21.8,21.6
6825,0.0,1.0106089993831722,-1.0106089993831722,0.0,21.6,21.8,21.6
6826,107.6,349.1468650792849,-241.5468650792849,107.6,21.9,21.9,21.5
6827,878.5,1028.115882551177,-149.61588255117704,878.5,23.1,23.5,21.9
6828,2067.7,1663.4900997978634,404.2099002021364,2067.7,25.6,25.6,23.1
6829,2916.9,2855.197720035943,61.7022799640572,2916.9,28.7,28.7,25.6
6830,2286.2,3282.1701727016616,-995.9701727016618,2286.2,28.0,29.7,27.7
6831,1586.0,2701.840933208868,-1115.8409332088677,1586.0,28.2,28.4,27.7
6832,1922.5,2279.698400705708,-357.1984007057081,1922.5,28.9,29.4,28.1
6833,2702.2,1501.1729818750812,1201.0270181249186,2702.2,29.9,30.7,28.8
6834,2726.8,1971.6166058344304,755.1833941655696,2726.8,30.0,31.0,29.8
6835,701.5,1526.8024898007136,-825.3024898007136,701.5,25.6,30.1,25.6
6836,74.7,437.9486552047689,-363.2486552047689,74.7,21.5,25.5,21.5
6837,18.0,0.0,18.0,18.0,22.0,22.1,21.5
6838,0.0,0.0,0.0,0.0,22.2,22.5,22.0
6839,0.0,0.0,0.0,0.0,21.5,22.2,21.5
6840,0.0,0.0,0.0,0.0,21.7,21.7,21.4
6841,0.0,0.0,0.0,0.0,21.3,21.7,21.3
6842,0.0,0.0,0.0,0.0,20.6,21.3,20.6
6843,0.0,0.0,0.0,0.0,20.2,20.7,20.2
6844,0.0,0.0,0.0,0.0,19.7,20.2,19.7
6845,0.0,0.0,0.0,0.0,19.8,20.2,19.7
6846,0.0,0.0,0.0,0.0,19.2,19.9,19.2
6847,0.0,0.0,0.0,0.0,20.0,20.0,19.1
6848,0.0,0.0,0.0,0.0,18.9,20.0,18.9
6849,0.0,0.2702751776135441,-0.2702751776135441,0.0,17.8,18.9,17.5
6850,101.3,226.2824061738244,-124.98240617382436,101.3,20.8,20.8,17.7
6851,256.7,920.2318682643746,-663.5318682643747,256.7,21.5,21.5,20.8
6852,631.1,1383.5919689746754,-752.4919689746754,631.1,22.4,22.5,21.6
6853,1206.6,2028.6441979361157,-822.0441979361156,1206.6,23.8,23.8,22.4
6854,3306.7,1717.110798964813,1589.5892010351868,3306.7,26.7,26.7,23.8
6855,3620.1,2663.0274061468026,957.0725938531972,3620.1,28.2,28.5,26.2
6856,3263.8,3238.251987865019,25.54801213498104,3263.8,29.5,30.4,28.0
6857,2123.3,2506.702304136003,-383.4023041360029,2123.3,29.6,30.4,28.6
6858,2451.1,1775.06332966306,676.0366703369398,2451.1,31.8,31.8,29.4
6859,2440.6,913.8639337878864,1526.7360662121137,2440.6,30.9,32.1,30.3
6860,1189.7,1356.075934297617,-166.37593429761705,1189.7,29.0,31.0,29.0
6861,216.3,654.5609792765566,-438.2609792765566,216.3,27.7,29.0,27.7
6862,0.7,93.79487582408755,-93.09487582408757,0.7,22.9,27.7,22.8
6863,0.0,0.4150358924300084,-0.4150358924300084,0.0,22.7,23.6,22.7
6864,0.0,0.0,0.0,0.0,19.8,22.7,19.8
6865,0.0,0.0,0.0,0.0,18.9,19.8,18.8
6866,0.0,0.0,0.0,0.0,18.5,18.9,18.4
6867,0.0,0.0,0.0,0.0,17.9,18.5,17.8
6868,0.0,0.0,0.0,0.0,18.3,18.3,17.8
6869,0.0,4.6381121701019393e-147,-4.6381121701019393e-147,0.0,18.5,18.5,18.3
6870,0.0,0.0,0.0,0.0,17.8,18.6,17.8
6871,0.0,0.0,0.0,0.0,17.1,17.9,17.1
6872,0.0,0.0,0.0,0.0,17.2,17.2,17.1
6873,2.2,0.0,2.2,2.2,16.9,17.2,16.8
6874,158.3,99.35513949327844,58.94486050672157,158.3,17.6,17.6,16.9
6875,393.9,564.909688619777,-171.00968861977697,393.9,19.2,19.2,17.6
6876,1749.9,1177.8871937873375,572.0128062126626,1749.9,23.1,23.2,19.2
6877,1896.5,2218.5287265028983,-322.0287265028983,1896.5,25.2,25.2,23.0
6878,1557.7,2614.627265396054,-1056.927265396054,1557.7,25.1,25.2,23.9
6879,3202.4,1810.0219395633912,1392.3780604366088,3202.4,27.4,27.7,25.1
6880,2429.4,2883.736998433252,-454.33699843325167,2429.4,27.2,28.8,26.9
6881,538.0,2255.2091366817813,-1717.2091366817813,538.0,25.6,27.2,25.6
6882,1109.8,1412.4423582175386,-302.6423582175387,1109.8,26.7,27.2,25.6
6883,995.4,714.4331059521236,280.9668940478764,995.4,27.1,27.1,26.6
6884,0.0,311.63833850923345,-311.63833850923345,0.0,26.25,26.65,26.0
6885,272.1,0.0,272.1,272.1,25.4,26.2,25.4
6886,1.1,94.71275890183304,-93.61275890183305,1.1,24.2,25.4,24.2
6887,0.0,0.4504351855054155,-0.4504351855054155,0.0,24.4,24.8,24.2
6888,0.0,0.0,0.0,0.0,23.9,24.4,23.9
6889,0.0,0.0,0.0,0.0,23.4,23.8,22.6
6890,0.0,0.0,0.0,0.0,23.2,23.6,23.1
6891,0.0,4.4801414669690056e-65,-4.4801414669690056e-65,0.0,22.8,23.2,22.8
6892,0.0,0.0,0.0,0.0,22.4,22.8,22.4
6893,0.0,0.0,0.0,0.0,21.7,22.5,21.7
6894,0.0,0.0,0.0,0.0,18.8,21.6,18.8
6895,0.0,0.0,0.0,0.0,19.1,19.1,18.3
6896,0.0,0.0,0.0,0.0,19.2,19.6,19.0
6897,5.0,1.0504129859675757,3.949587014032424,5.0,19.3,19.8,19.1
6898,368.3,124.55248211413308,243.74751788586693,368.3,21.3,21.5,19.3
6899,1235.3,451.3817908049019,783.918209195098,1235.3,22.9,23.2,21.3
6900,2133.4,1674.1847039419988,459.2152960580013,2133.4,24.7,24.7,22.8
6901,2889.6,2056.2461957015685,833.3538042984314,2889.6,26.0,26.6,24.6
6902,3397.4,3110.1123095394164,287.2876904605837,3397.4,28.5,28.6,26.0
6903,3288.9,3867.043719955904,-578.1437199559036,3288.9,28.1,29.3,27.8
6904,2295.5,2718.237890697665,-422.7378906976651,2295.5,28.6,29.6,28.0
6905,2421.3,1017.6653926759368,1403.6346073240634,2421.3,29.5,30.2,28.4
6906,2159.6,2361.420786514813,-201.82078651481288,2159.6,29.4,30.9,28.8
6907,709.8,1897.193753145718,-1187.393753145718,709.8,29.9,29.9,28.7
6908,924.2,24.132164717394065,900.067835282606,924.2,23.2,30.9,22.6
6909,84.9,449.2352627502158,-364.33526275021575,84.9,22.5,23.3,22.0
6910,0.3,0.0,0.3,0.3,23.0,23.1,22.0
6911,0.0,0.0,0.0,0.0,22.8,23.3,22.8
6912,0.0,1.7522772246165825e-17,-1.7522772246165825e-17,0.0,22.9,23.1,22.5
6913,0.0,0.0,0.0,0.0,22.1,22.9,22.1
6914,0.0,1.871891680131785e-49,-1.871891680131785e-49,0.0,22.2,22.2,21.9
6915,0.0,0.0,0.0,0.0,21.7,22.2,21.7
6916,0.0,0.0,0.0,0.0,21.0,21.7,20.5
6917,0.0,0.0,0.0,0.0,20.9,21.0,20.4
6918,0.0,1.0456315239691241e-131,-1.0456315239691241e-131,0.0,20.9,21.4,20.6
6919,0.0,0.0,0.0,0.0,21.0,21.0,20.7
6920,0.0,0.0,0.0,0.0,20.6,21.3,20.6
6921,1.0,3.387970379360993,-2.387970379360993,1.0,19.3,20.6,19.0
6922,75.7,246.3950687627597,-170.69506876275972,75.7,20.9,21.1,19.2
6923,435.0,665.7722178583746,-230.77221785837455,435.0,22.8,22.8,20.9
6924,1199.2,1625.0003576685144,-425.8003576685144,1199.2,24.0,24.1,22.8
6925,2524.5,1878.2245490358205,646.2754509641795,2524.5,25.5,26.4,24.0
6926,1439.5,2495.470310792982,-1055.9703107929822,1439.5,26.5,26.5,25.5
6927,2777.2,2517.3227434985643,259.8772565014356,2777.2,28.6,28.6,26.5
6928,3420.8,2057.6092053742614,1363.1907946257388,3420.8,29.5,29.6,28.4
6929,3180.1,2100.7047882140887,1079.3952117859112,3180.1,29.9,30.2,29.3
6930,2890.5,2592.413934412945,298.08606558705515,2890.5,31.0,31.1,29.9
6931,1676.8,1598.5967235735095,78.20327642649022,1676.8,30.3,31.0,29.4
6932,1163.9,959.7366995961884,204.1633004038117,1163.9,29.2,30.3,29.2
6933,214.1,596.3248796633412,-382.2248796633412,214.1,28.3,29.4,28.2
6934,0.9,29.14045796676615,-28.24045796676615,0.9,27.0,28.3,27.0
6935,0.0,0.147858171254186,-0.147858171254186,0.0,26.4,27.0,26.3
6936,0.0,0.0,0.0,0.0,25.6,26.4,24.9
6937,0.0,0.0,0.0,0.0,25.6,25.9,25.6
6938,0.0,0.0,0.0,0.0,25.3,25.8,25.2
6939,0.0,0.0,0.0,0.0,25.1,25.4,25.1
6940,0.0,0.0,0.0,0.0,23.7,25.1,23.7
6941,0.0,1.288331465805046e-100,-1.288331465805046e-100,0.0,20.4,23.7,20.4
6942,0.0,0.0,0.0,0.0,20.1,20.4,20.0
6943,0.0,7.896805471841164e-276,-7.896805471841164e-276,0.0,22.7,22.7,20.0
6944,0.0,0.0,0.0,0.0,22.5,23.1,22.5
6945,3.9,2.7810725096604387,1.1189274903395612,3.9,21.9,22.5,21.8
6946,400.7,206.48521137897737,194.21478862102265,400.7,23.5,23.5,21.9
6947,1290.2,892.0221086605611,398.1778913394389,1290.2,25.0,25.0,23.5
6948,2168.8,1858.9581927210872,309.84180727891294,2168.8,26.7,27.0,25.0
6949,2899.8,2897.6803434594285,2.1196565405716683,2899.8,28.5,28.5,26.7
6950,3417.5,2470.6047595859923,946.8952404140076,3417.5,30.2,30.2,28.5
6951,3420.7,3527.539333179452,-106.8393331794523,3420.7,30.1,30.5,29.0
6952,3634.4,3025.457584641012,608.9424153589885,3634.4,30.8,31.0,30.0
6953,3017.3,3192.998936758552,-175.698936758552,3017.3,31.3,31.8,30.0
6954,2307.0,2600.768592550224,-293.76859255022373,2307.0,31.7,31.8,30.1
6955,2013.0,1085.2962211561885,927.7037788438116,2013.0,31.4,32.5,30.9
6956,384.8,1507.6677754817522,-1122.8677754817522,384.8,30.0,31.4,30.0
6957,172.4,0.0,172.4,172.4,29.4,30.0,29.4
6958,2.2,19.21975236947486,-17.019752369474862,2.2,28.0,29.4,28.0
6959,0.0,0.9663464620371938,-0.9663464620371938,0.0,26.4,28.0,26.4
6960,0.0,0.0,0.0,0.0,25.8,26.4,24.8
6961,0.0,0.0,0.0,0.0,22.7,25.5,22.7
6962,0.0,1.8796926733042512e-49,-1.8796926733042512e-49,0.0,22.9,23.5,22.4
6963,0.0,0.0,0.0,0.0,22.6,23.9,22.5
6964,0.0,0.0,0.0,0.0,21.7,22.6,21.4
6965,0.0,0.0,0.0,0.0,21.2,21.9,20.5
6966,0.0,1.231113898897828e-112,-1.231113898897828e-112,0.0,22.2,22.4,21.2
6967,0.0,0.0,0.0,0.0,21.5,22.2,21.5
6968,0.0,0.0,0.0,0.0,20.4,21.5,19.8
6969,6.2,2.304096537062514,3.8959034629374862,6.2,21.2,21.2,19.9
6970,300.8,226.4539050188846,74.34609498111541,300.8,23.0,23.0,21.2
6971,787.4,856.1019363515144,-68.7019363515144,787.4,24.4,24.5,23.0
6972,1780.7,1566.638258751543,214.0617412484571,1780.7,26.7,26.7,24.3
6973,2749.0,2660.39270212814,88.60729787186028,2749.0,29.0,29.1,26.7
6974,3006.1,2404.2708997601867,601.8291002398132,3006.1,28.8,29.7,28.5
6975,1937.6,3333.5827302673806,-1395.9827302673807,1937.6,28.5,30.0,28.5
6976,493.3,2732.1491809180525,-2238.8491809180523,493.3,23.3,28.5,21.5
6977,2260.2,1218.1113751392124,1042.0886248607874,2260.2,28.6,29.1,23.3
6978,2514.5,2050.014947201723,464.48505279827714,2514.5,27.4,28.7,27.0
6979,907.7,1779.6963295201435,-871.9963295201435,907.7,26.5,28.4,26.5
6980,196.1,236.52069031652223,-40.42069031652224,196.1,24.5,26.4,24.5
6981,135.4,0.0,135.4,135.4,24.3,24.9,24.2
6982,0.0,0.0,0.0,0.0,23.4,24.3,22.8
6983,0.0,0.0,0.0,0.0,23.9,24.1,22.9
6984,0.0,6.545898123702402e-17,-6.545898123702402e-17,0.0,22.9,24.2,22.9
6985,0.0,0.0,0.0,0.0,21.2,22.9,21.2
6986,0.0,0.0,0.0,0.0,19.5,21.2,19.5
6987,0.0,0.0,0.0,0.0,18.5,19.5,18.4
6988,0.0,0.0,0.0,0.0,18.0,18.5,18.0
6989,0.0,0.0,0.0,0.0,18.1,18.1,18.0
6990,0.0,0.0,0.0,0.0,18.3,18.3,18.0
6991,0.0,0.0,0.0,0.0,18.4,18.5,18.3
6992,0.0,0.0,0.0,0.0,18.3,18.5,18.3
6993,0.8,4.731619059789736,-3.931619059789736,0.8,18.0,18.3,18.0
6994,151.9,324.90127270053284,-173.00127270053284,151.9,18.4,18.4,17.8
6995,392.3,864.4686050879159,-472.1686050879159,392.3,19.6,19.6,18.4
6996,1241.2,1502.6865655892911,-261.4865655892911,1241.2,24.1,24.1,19.6
6997,2873.1,2281.6685632933986,591.4314367066013,2873.1,25.8,26.1,24.1
6998,3419.5,3137.5549208245448,281.94507917545525,3419.5,26.9,27.7,25.8
6999,3349.7,2743.1061011294755,606.5938988705243,3349.7,27.0,28.4,26.8
7000,2190.8,2418.5567938293752,-227.75679382937503,2190.8,27.3,27.6,26.8
7001,1209.4,2627.224254841639,-1417.8242548416388,1209.4,27.3,27.4,26.8
7002,1152.3,1512.26556788873,-359.96556788873,1152.3,26.7,27.5,26.7
7003,1322.6,711.6726532737277,610.9273467262722,1322.6,26.9,28.1,26.6
7004,1027.7,246.96048262639815,780.7395173736019,1027.7,26.4,27.5,26.4
7005,194.6,589.5076260855085,-394.90762608550847,194.6,25.2,26.4,25.2
7006,5.9,30.8539438230998,-24.9539438230998,5.9,24.8,25.2,24.8
7007,3.2,2.8623904518833183,0.3376095481166818,3.2,17.4,24.8,17.2
7008,0.0,1.8794913861251392,-1.8794913861251392,0.0,17.3,17.6,17.0
7009,0.0,0.0,0.0,0.0,18.5,18.6,17.3
7010,0.7,0.0,0.7,0.7,18.9,18.9,18.5
7011,0.0,0.4116461804296353,-0.4116461804296353,0.0,18.7,18.9,18.7
7012,0.0,0.0,0.0,0.0,18.0,18.7,18.0
7013,0.0,0.0,0.0,0.0,18.0,18.0,17.8
7014,0.0,0.0,0.0,0.0,18.5,18.6,18.0
7015,0.0,0.0,0.0,0.0,18.8,19.1,18.4
7016,0.0,4.959679500513244e-81,-4.959679500513244e-81,0.0,18.3,19.1,18.3
7017,2.5,3.258424043761814,-0.7584240437618139,2.5,18.6,18.6,18.1
7018,28.6,210.9119681959841,-182.3119681959841,28.6,18.4,18.6,18.4
7019,256.5,443.2671010798035,-186.76710107980352,256.5,19.3,19.4,18.4
7020,948.6,1239.0848381171556,-290.4848381171556,948.6,20.6,20.6,19.3
7021,1648.2,2357.648328655714,-709.448328655714,1648.2,22.9,23.0,20.6
7022,2781.0,2425.894362534244,355.10563746575644,2781.0,24.2,24.5,22.6
7023,2643.3,2344.0374004161,299.2625995839003,2643.3,25.1,25.6,24.1
7024,3173.9,1359.0052821630377,1814.8947178369624,3173.9,24.9,26.1,24.9
7025,1521.2,2738.2854292591323,-1217.0854292591323,1521.2,24.0,25.3,23.8
7026,208.4,1646.3334695555254,-1437.933469555525,208.4,21.8,24.0,21.8
7027,76.6,178.91616653671343,-102.31616653671344,76.6,20.0,21.8,20.0
7028,53.2,14.778814339605752,38.42118566039425,53.2,19.3,20.1,19.3
7029,24.1,0.0,24.1,24.1,18.3,19.5,18.3
7030,0.6,0.0,0.6,0.6,17.5,18.3,17.5
7031,0.0,0.2351719943176373,-0.2351719943176373,0.0,17.3,17.5,17.3
7032,0.0,0.0,0.0,0.0,16.8,17.3,16.8
7033,0.0,0.0,0.0,0.0,16.4,16.8,16.4
7034,0.0,0.3367052670956212,-0.3367052670956212,0.0,16.2,16.4,16.1
7035,0.0,0.0,0.0,0.0,16.1,16.2,16.0
7036,0.0,0.0,0.0,0.0,15.8,16.1,15.8
7037,0.0,0.0,0.0,0.0,15.4,15.8,15.3
7038,0.0,0.0,0.0,0.0,15.2,15.4,15.2
7039,0.0,0.0,0.0,0.0,15.0,15.3,15.0
7040,0.0,0.0,0.0,0.0,14.8,15.0,14.6
7041,3.2,1.5650849550511123,1.6349150449488878,3.2,14.5,14.9,14.5
7042,121.2,83.68387513470692,37.51612486529308,121.2,14.5,14.6,14.3
7043,260.2,323.92663519757883,-63.72663519757885,260.2,14.4,14.5,14.3
7044,480.3,995.5451776316538,-515.2451776316539,480.3,14.7,15.0,14.4
7045,908.2,1781.535243702038,-873.3352437020378,908.2,15.8,15.8,14.6
7046,713.2,2190.8627567201884,-1477.6627567201883,713.2,15.3,15.9,15.3
7047,578.5,1500.8761433522932,-922.3761433522932,578.5,14.9,15.6,14.8
7048,1058.0,1199.9310060329133,-141.93100603291327,1058.0,15.9,16.3,14.9
7049,1266.2,409.1657691773744,857.0342308226257,1266.2,16.8,17.1,15.8
7050,868.7,614.478593433057,254.22140656694307,868.7,16.9,17.5,16.8
7051,312.5,781.2963298498735,-468.7963298498735,312.5,16.8,17.1,16.7
7052,240.5,298.480761031982,-57.98076103198201,240.5,16.5,17.0,16.5
7053,107.6,0.0,107.6,107.6,16.6,16.7,16.4
7054,6.9,8.085369405720286,-1.1853694057202857,6.9,16.7,16.7,16.5
7055,0.0,3.783470761865254,-3.783470761865254,0.0,16.6,16.7,16.6
7056,0.0,0.0,0.0,0.0,16.8,16.8,16.5
7057,0.0,6.589933508066336e-17,-6.589933508066336e-17,0.0,16.9,16.9,16.8
7058,0.0,0.3153555934837885,-0.3153555934837885,0.0,16.7,17.0,16.7
7059,0.0,0.0,0.0,0.0,16.3,16.7,16.3
7060,0.0,7.064556986700877e-18,-7.064556986700877e-18,0.0,16.0,16.3,16.0
7061,0.0,7.741813276804566e-115,-7.741813276804566e-115,0.0,15.5,16.0,15.5
7062,0.0,0.0,0.0,0.0,15.1,15.5,15.1
7063,0.0,0.0,0.0,0.0,14.4,15.1,14.4
7064,0.0,0.0,0.0,0.0,13.8,14.4,13.8
7065,6.8,2.6567006501582915,4.143299349841708,6.8,13.6,13.8,13.6
7066,508.4,73.17822403363925,435.2217759663607,508.4,14.7,14.8,13.6
7067,1442.5,500.8825181828231,941.6174818171768,1442.5,16.5,16.5,14.7
7068,2330.8,1375.5334846642363,955.2665153357636,2330.8,18.0,18.4,16.3
7069,3066.2,2180.5697534410965,885.6302465589033,3066.2,19.3,19.6,17.8
7070,3580.7,2736.7953502375026,843.9046497624972,3580.7,21.6,21.6,19.3
7071,3848.0,2674.032868381942,1173.967131618058,3848.0,22.6,22.7,21.0
7072,3699.2,3392.3376918489007,306.8623081510991,3699.2,23.8,24.1,22.6
7073,3681.6,2357.5127778943934,1324.0872221056063,3681.6,24.9,25.0,23.8
7074,2821.4,1974.6902081156325,846.7097918843676,2821.4,24.1,25.6,24.1
7075,2234.1,1617.0105503306545,617.0894496693456,2234.1,25.3,25.9,24.1
7076,1355.7,1414.1109123015694,-58.4109123015694,1355.7,24.3,25.8,24.3
7077,161.1,819.2510685920358,-658.1510685920358,161.1,23.4,24.3,23.4
7078,4.5,65.2176318451208,-60.717631845120806,4.5,22.6,23.4,22.6
7079,0.0,0.6040444015943556,-0.6040444015943556,0.0,21.5,22.6,21.5
7080,0.0,1.6473195136874557e-17,-1.6473195136874557e-17,0.0,20.6,21.6,20.6
7081,0.0,0.0,0.0,0.0,20.0,20.6,19.8
7082,0.0,0.0,0.0,0.0,19.3,20.0,19.2
7083,0.0,0.0,0.0,0.0,18.8,19.3,18.8
7084,0.0,0.0,0.0,0.0,17.8,18.8,17.8
7085,0.0,0.0,0.0,0.0,16.9,17.8,16.9
7086,0.0,0.0,0.0,0.0,16.1,16.9,16.1
7087,0.0,0.0,0.0,0.0,15.5,16.1,15.5
7088,0.0,0.0,0.0,0.0,14.8,15.5,14.8
7089,7.7,4.662356799028012,3.0376432009719885,7.7,14.4,14.8,14.3
7090,516.0,296.9616580558025,219.0383419441975,516.0,15.6,15.6,14.4
7091,1236.8,936.3178221115436,300.4821778884564,1236.8,16.0,16.3,15.3
7092,2049.6,1590.8424646209205,458.7575353790794,2049.6,17.9,18.1,16.0
7093,3099.6,2315.390727449254,784.2092725507459,3099.6,20.2,20.2,17.7
7094,3640.3,2789.7363142457148,850.5636857542854,3640.3,21.9,22.6,20.1
7095,3929.6,3100.728000063057,828.8719999369428,3929.6,22.6,22.9,21.7
7096,3653.0,3387.433602585376,265.56639741462413,3653.0,24.0,24.6,22.6
7097,3493.4,3211.535975862763,281.86402413723727,3493.4,24.9,25.2,23.8
7098,2863.0,2469.288937626635,393.7110623733652,2863.0,24.5,26.0,24.3
7099,2327.4,1915.5109025530155,411.8890974469846,2327.4,25.7,26.0,24.5
7100,1236.1,1458.0150241270678,-221.9150241270679,1236.1,25.2,26.0,24.9
7101,485.1,423.78548639526,61.31451360474006,485.1,23.9,25.4,23.9
7102,5.8,230.8938020317106,-225.0938020317106,5.8,22.6,23.9,22.6
7103,0.0,0.3546033071366605,-0.3546033071366605,0.0,21.8,22.6,21.8
7104,0.0,4.9330995717014145e-17,-4.9330995717014145e-17,0.0,21.2,21.8,21.1
7105,0.0,0.0,0.0,0.0,20.5,21.2,20.4
7106,0.0,0.0,0.0,0.0,20.0,20.5,19.9
7107,0.0,0.0,0.0,0.0,19.4,20.1,19.4
7108,0.0,0.0,0.0,0.0,19.4,19.5,19.2
7109,0.0,0.0,0.0,0.0,18.2,19.4,18.2
7110,0.0,0.0,0.0,0.0,17.4,18.2,17.4
7111,0.0,0.0,0.0,0.0,16.5,17.4,16.5
7112,0.0,0.0,0.0,0.0,16.2,16.6,16.2
7113,7.3,6.730478130282325,0.5695218697176747,7.3,15.8,16.4,15.8
7114,519.4,474.82050396169547,44.57949603830451,519.4,16.6,16.7,15.8
7115,691.0,1264.950276801225,-573.9502768012251,691.0,16.7,16.9,16.4
7116,1007.5,1679.775312880177,-672.2753128801769,1007.5,18.0,18.1,16.7
7117,2399.4,2214.7176683864086,184.6823316135915,2399.4,20.5,20.9,18.0
7118,3715.2,3056.4024333246416,658.7975666753582,3715.2,22.8,22.8,20.4
7119,3700.2,3835.252716833567,-135.05271683356705,3700.2,24.5,24.6,22.7
7120,3779.6,3464.334554608557,315.2654453914424,3779.6,24.7,25.5,24.0
7121,2608.1,3554.7394533521665,-946.6394533521666,2608.1,24.8,26.6,24.7
7122,2170.6,2186.927764150129,-16.327764150129042,2170.6,26.6,27.1,24.8
7123,1833.7,1823.7885312868705,9.911468713129809,1833.7,27.0,27.3,25.7
7124,1327.3,1022.1133282295614,305.1866717704386,1327.3,26.4,27.3,26.2
7125,455.3,387.02992365007816,68.27007634992185,455.3,25.2,26.4,25.2
7126,4.1,98.74012833612238,-94.6401283361224,4.1,24.0,25.2,24.0
7127,0.0,0.0,0.0,0.0,23.0,24.0,23.0
7128,0.0,0.0,0.0,0.0,22.6,23.2,22.6
7129,0.0,0.0,0.0,0.0,21.8,22.6,21.7
7130,0.0,1.4932051881794117e-33,-1.4932051881794117e-33,0.0,21.3,21.9,21.3
7131,0.0,0.0,0.0,0.0,20.6,21.3,20.6
7132,0.0,0.0,0.0,0.0,19.8,20.6,19.8
7133,0.0,0.0,0.0,0.0,19.2,19.9,19.1
7134,0.0,0.0,0.0,0.0,18.4,19.2,18.4
7135,0.0,0.0,0.0,0.0,17.7,18.4,17.7
7136,0.0,0.0,0.0,0.0,17.1,17.7,17.1
7137,12.3,6.944504380274793,5.355495619725208,12.3,16.8,17.2,16.6
7138,398.8,483.3939510511969,-84.59395105119688,398.8,17.7,17.9,16.8
7139,1117.0,830.8058248252629,286.1941751747371,1117.0,19.4,19.8,17.7
7140,2404.7,1541.4087632828328,863.2912367171671,2404.7,21.9,22.4,19.3
7141,2800.9,3166.3380346540025,-365.4380346540024,2800.9,23.7,23.7,21.5
7142,3067.8,3578.0172599316984,-510.2172599316982,3067.8,25.5,25.6,23.4
7143,3803.8,3317.096523762697,486.7034762373032,3803.8,26.6,26.6,25.2
7144,3714.1,3617.758180173673,96.34181982632664,3714.1,26.8,27.6,26.5
7145,2992.5,2977.1281094956157,15.371890504384735,2992.5,26.9,28.4,26.5
7146,892.5,2433.2068656797223,-1540.7068656797223,892.5,27.5,27.6,26.8
7147,2471.9,1028.3591738630091,1443.5408261369907,2471.9,28.2,29.0,27.5
7148,438.3,1532.803398213935,-1094.503398213935,438.3,26.5,28.2,26.5
7149,131.0,0.0,131.0,131.0,25.9,26.5,25.9
7150,0.0,0.0,0.0,0.0,25.5,26.0,25.4
7151,0.0,0.0,0.0,0.0,24.9,25.5,24.7
7152,0.0,2.566722220478818e-16,-2.566722220478818e-16,0.0,23.4,24.9,22.9
7153,0.0,0.0,0.0,0.0,22.3,23.4,22.3
7154,0.0,0.0,0.0,0.0,23.0,23.0,22.2
7155,0.0,0.0,0.0,0.0,23.4,23.6,23.0
7156,0.0,0.0,0.0,0.0,23.3,23.4,23.0
7157,0.0,0.0,0.0,0.0,19.9,23.3,19.9
7158,0.0,5.273771412371233e-50,-5.273771412371233e-50,0.0,18.6,19.9,18.2
7159,0.0,0.0,0.0,0.0,17.9,18.8,17.8
7160,0.0,0.0,0.0,0.0,18.1,18.6,17.8
7161,9.4,9.241369247054456,0.1586307529455446,9.4,20.7,20.7,17.7
7162,487.9,424.1547192495856,63.7452807504144,487.9,22.6,22.6,20.6
7163,1421.3,890.9621695839414,530.3378304160585,1421.3,24.1,24.1,22.6
7164,2304.6,1974.0831756147088,330.51682438529133,2304.6,24.7,25.1,23.9
7165,3021.9,2849.7510315448603,172.14896845513977,3021.9,26.5,26.5,24.6
7166,3215.8,3504.351145702296,-288.5511457022958,3215.8,27.8,28.0,26.2
7167,3485.2,3541.4466302110545,-56.24663021105471,3485.2,28.6,28.6,27.5
7168,3574.6,3479.208512370967,95.39148762903278,3574.6,29.1,29.6,28.2
7169,2898.5,2671.246593584904,227.2534064150964,2898.5,30.2,30.2,28.6
7170,2773.1,1565.13419894571,1207.9658010542898,2773.1,30.1,30.6,29.2
7171,1959.1,2868.232642690402,-909.132642690402,1959.1,30.4,30.7,29.7
7172,1172.9,767.8818517307379,405.01814826926216,1172.9,29.5,30.4,29.3
7173,462.8,493.96173048456654,-31.161730484566533,462.8,28.1,29.7,28.1
7174,5.0,123.24853947765718,-118.24853947765718,5.0,24.9,28.1,24.6
7175,0.0,1.957377877539216,-1.957377877539216,0.0,25.7,26.9,24.9
7176,0.0,1.3616865288547703e-16,-1.3616865288547703e-16,0.0,24.8,25.7,24.0
7177,0.0,1.5103756641736247e-32,-1.5103756641736247e-32,0.0,24.9,25.0,24.6
7178,0.0,0.0,0.0,0.0,23.2,25.1,22.0
7179,0.0,4.650023209531066e-50,-4.650023209531066e-50,0.0,21.0,23.9,21.0
7180,0.0,0.0,0.0,0.0,20.4,21.5,20.3
7181,0.0,4.653288584018769e-50,-4.653288584018769e-50,0.0,20.1,21.2,20.1
7182,0.0,0.0,0.0,0.0,19.1,20.8,19.1
7183,0.0,0.0,0.0,0.0,18.6,19.3,18.2
7184,0.0,0.0,0.0,0.0,20.5,20.6,18.3
7185,21.8,10.03001142884369,11.769988571156311,21.8,20.2,20.5,18.1
7186,362.6,421.13038223667735,-58.530382236677326,362.6,22.1,22.3,20.1
7187,1160.5,1154.5321851576246,5.967814842375447,1160.5,24.1,24.3,22.1
7188,1840.8,2171.5815871673744,-330.7815871673745,1840.8,25.6,25.6,24.1
7189,3007.8,2498.9391870680383,508.86081293196185,3007.8,27.8,27.8,25.5
7190,3578.4,3105.354345197069,473.0456548029306,3578.4,29.0,29.2,27.4
7191,3809.8,3782.528449461804,27.271550538196607,3809.8,30.1,30.1,28.6
7192,3582.9,3647.52687530528,-64.62687530527955,3582.9,30.4,30.4,29.1
7193,1260.2,2857.569887257307,-1597.369887257307,1260.2,28.9,30.4,28.7
7194,1156.8,840.5106144453101,316.28938555468983,1156.8,29.5,30.1,28.8
7195,2018.7,1690.721823460768,327.978176539232,2018.7,30.9,31.1,29.3
7196,784.2,745.2094196753955,38.99058032460459,784.2,29.2,30.9,29.2
7197,193.1,295.0268270520814,-101.9268270520814,193.1,28.3,29.2,28.3
7198,3.3,0.0,3.3,3.3,26.7,28.3,26.4
7199,0.0,0.5372607124661664,-0.5372607124661664,0.0,25.8,26.7,25.8
7200,0.0,6.523151636106654e-17,-6.523151636106654e-17,0.0,24.0,25.9,23.9
7201,0.0,0.0,0.0,0.0,24.4,25.4,24.0
7202,0.0,4.584643799277352e-66,-4.584643799277352e-66,0.0,24.5,24.7,24.1
7203,0.0,0.0,0.0,0.0,24.4,25.0,24.3
7204,0.0,2.9526284866183838e-65,-2.9526284866183838e-65,0.0,24.4,24.7,24.2
7205,0.0,0.0,0.0,0.0,24.4,24.4,23.8
7206,0.0,0.0,0.0,0.0,23.7,24.5,23.6
7207,0.0,0.0,0.0,0.0,20.2,23.7,20.2
7208,0.0,0.0,0.0,0.0,18.4,20.2,18.1
7209,10.9,14.73214789095704,-3.832147890957041,10.9,20.8,20.8,18.3
7210,656.9,390.5085648585227,266.3914351414773,656.9,23.2,23.2,20.9
7211,767.0,1355.4780927125898,-588.4780927125898,767.0,22.8,23.5,22.5
7212,1056.2,1656.920749374844,-600.720749374844,1056.2,23.8,23.8,22.7
7213,2521.1,2275.4392227901044,245.6607772098955,2521.1,25.9,26.1,23.8
7214,3470.8,2992.716775944772,478.0832240552286,3470.8,27.5,27.5,25.9
7215,3509.1,3582.6603154669983,-73.56031546699842,3509.1,27.7,28.9,27.1
7216,3646.4,3394.677876101781,251.72212389821925,3646.4,29.9,30.2,27.6
7217,3685.8,2094.573334819828,1591.226665180172,3685.8,30.3,30.4,29.6
7218,2099.9,2885.1583022026293,-785.2583022026292,2099.9,28.9,31.0,28.7
7219,1193.5,2030.8977121125756,-837.3977121125754,1193.5,28.6,29.0,28.3
7220,847.9,506.2977907707255,341.6022092292745,847.9,28.2,29.1,28.2
7221,180.8,266.98099259933343,-86.18099259933342,180.8,27.9,28.3,27.8
7222,3.2,0.0,3.2,3.2,27.0,27.9,26.6
7223,0.0,0.0,0.0,0.0,26.9,27.6,26.9
7224,0.0,0.0,0.0,0.0,26.3,27.0,26.2
7225,0.0,0.0,0.0,0.0,26.2,26.5,26.1
7226,0.0,4.2836813103991565e-66,-4.2836813103991565e-66,0.0,26.1,26.3,26.1
7227,0.0,0.0,0.0,0.0,25.6,26.2,25.6
7228,0.0,0.0,0.0,0.0,25.3,25.8,25.3
7229,0.0,0.0,0.0,0.0,24.3,25.3,24.3
7230,0.0,0.0,0.0,0.0,23.7,24.4,23.7
7231,0.0,0.0,0.0,0.0,23.2,23.9,23.2
7232,0.0,0.0,0.0,0.0,23.2,23.3,23.1
7233,7.2,15.045489105677104,-7.845489105677104,7.2,23.1,23.3,22.8
7234,282.2,474.2990734300849,-192.0990734300849,282.2,23.8,23.8,22.9
7235,1410.9,771.6401853980443,639.2598146019558,1410.9,26.4,26.4,23.8
7236,2258.5,1650.9305168964274,607.5694831035726,2258.5,27.7,27.7,26.3
7237,2996.0,3124.363287286167,-128.36328728616718,2996.0,28.9,29.1,27.5
7238,3573.5,3539.5853769873997,33.914623012600714,3573.5,30.2,30.8,28.6
7239,3060.6,3580.38682311857,-519.7868231185703,3060.6,29.6,31.4,29.6
7240,1746.3,3158.687593669084,-1412.387593669084,1746.3,29.9,30.9,29.6
7241,505.7,1352.0339133010357,-846.3339133010354,505.7,29.0,30.0,29.0
7242,526.0,414.4263696362125,111.57363036378752,526.0,28.8,29.1,28.7
7243,656.0,876.7915032909314,-220.79150329093136,656.0,28.9,29.0,28.8
7244,701.0,253.7895645172514,447.2104354827486,701.0,29.0,29.2,28.8
7245,234.2,138.59894227051217,95.60105772948782,234.2,26.9,29.0,26.9
7246,3.2,40.06808498130802,-36.868084981308016,3.2,24.2,26.9,23.8
7247,0.0,0.1098657531594295,-0.1098657531594295,0.0,23.7,24.2,23.7
7248,0.0,0.0,0.0,0.0,23.6,23.8,23.3
7249,0.0,1.3728992302587003e-64,-1.3728992302587003e-64,0.0,24.0,24.4,23.6
7250,0.0,0.0,0.0,0.0,24.6,25.3,23.8
7251,0.0,0.0,0.0,0.0,25.6,25.7,24.6
7252,0.0,0.0,0.0,0.0,24.7,25.6,24.7
7253,0.0,0.0,0.0,0.0,22.8,24.7,22.7
7254,0.0,0.0,0.0,0.0,23.3,23.3,22.0
7255,0.0,0.0,0.0,0.0,23.3,23.5,23.3
7256,0.0,0.0,0.0,0.0,22.9,23.3,22.9
7257,3.8,8.356767255357928,-4.556767255357928,3.8,22.1,22.9,22.1
7258,137.7,428.20506108625057,-290.5050610862506,137.7,21.7,22.1,21.4
7259,447.5,842.4504986780776,-394.9504986780776,447.5,22.3,22.3,21.7
7260,734.9,1206.6750041511536,-471.77500415115367,734.9,22.8,22.8,21.8
7261,1345.7,2066.8513426175086,-721.1513426175086,1345.7,24.5,24.5,22.8
7262,1784.4,2521.19989519393,-736.7998951939298,1784.4,26.8,26.8,24.5
7263,2823.4,2126.7381411723622,696.6618588276378,2823.4,27.8,28.1,26.8
7264,2498.7,2342.736033127889,155.96396687211063,2498.7,29.2,29.8,27.8
7265,1843.4,1917.369424508235,-73.96942450823485,1843.4,29.6,30.9,29.1
7266,542.4,1160.984077845552,-618.5840778455521,542.4,24.9,29.6,24.9
7267,369.5,449.1973708355371,-79.69737083553707,369.5,23.4,24.9,22.4
7268,205.3,421.415856886988,-216.115856886988,205.3,22.8,23.5,22.7
7269,44.0,0.0,44.0,44.0,22.2,23.1,22.2
7270,0.7,0.0,0.7,0.7,21.4,22.2,21.4
7271,0.0,0.0,0.0,0.0,21.4,21.5,21.1
7272,0.0,1.134677161505597e-17,-1.134677161505597e-17,0.0,21.3,21.4,21.2
7273,0.0,0.0,0.0,0.0,21.4,21.4,21.2
7274,0.0,0.0,0.0,0.0,21.3,21.4,21.3
7275,0.0,0.0,0.0,0.0,21.1,21.4,21.0
7276,0.0,9.762051121329688e-81,-9.762051121329688e-81,0.0,21.1,21.3,21.0
7277,0.0,0.0,0.0,0.0,21.1,21.2,21.0
7278,0.0,0.0,0.0,0.0,20.8,21.1,20.8
7279,0.0,0.0,0.0,0.0,20.6,21.0,20.6
7280,0.0,0.0,0.0,0.0,20.1,20.6,20.1
7281,3.5,5.063629471517054,-1.5636294715170536,3.5,20.0,20.2,19.9
7282,131.9,192.1758979236012,-60.27589792360121,131.9,20.5,20.5,20.0
7283,231.8,813.7914939846094,-581.9914939846094,231.8,21.0,21.1,20.5
7284,131.9,992.4089148087148,-860.5089148087148,131.9,20.9,21.0,20.8
7285,139.6,1234.7426289685636,-1095.1426289685637,139.6,19.0,20.9,19.0
7286,481.3,1318.6356789160295,-837.3356789160298,481.3,19.9,19.9,19.0
7287,1081.7,1499.3456263869768,-417.6456263869768,1081.7,21.8,21.9,19.7
7288,1268.1,960.0090092462688,308.09099075373103,1268.1,23.1,23.2,21.8
7289,1963.7,670.128849894074,1293.571150105926,1963.7,24.0,24.8,23.0
7290,1009.5,1020.991133807086,-11.491133807086044,1009.5,24.1,24.3,24.0
7291,565.9,786.5200996211457,-220.62009962114576,565.9,24.0,24.4,24.0
7292,290.3,469.6831543501392,-179.3831543501392,290.3,23.6,24.0,23.6
7293,116.5,51.64842220964722,64.85157779035278,116.5,22.9,23.6,22.9
7294,0.0,0.0,0.0,0.0,22.5,22.9,22.5
7295,0.0,0.0,0.0,0.0,21.9,22.5,21.9
7296,0.0,6.576547682974456e-17,-6.576547682974456e-17,0.0,22.0,22.0,21.8
7297,0.0,0.0,0.0,0.0,21.6,22.1,21.4
7298,0.0,0.0,0.0,0.0,20.6,21.8,20.5
7299,0.0,0.0,0.0,0.0,21.9,21.9,20.6
7300,0.0,1.147718969920573e-81,-1.147718969920573e-81,0.0,21.2,21.9,21.2
7301,0.0,0.0,0.0,0.0,21.3,21.4,20.5
7302,0.0,0.0,0.0,0.0,21.5,21.6,21.2
7303,0.0,0.0,0.0,0.0,21.0,21.5,20.8
7304,0.0,0.0,0.0,0.0,20.8,21.0,20.5
7305,2.6,3.3639282944976427,-0.7639282944976427,2.6,20.4,20.9,20.4
7306,131.6,123.86793449238768,7.732065507612319,131.6,20.7,20.7,20.4
7307,237.6,313.7141302557558,-76.11413025575578,237.6,21.0,21.0,20.6
7308,714.8,343.8310342492723,370.9689657507277,714.8,22.6,22.8,20.9
7309,2330.9,863.0801968258747,1467.8198031741254,2330.9,23.6,23.8,22.6
7310,2897.8,2051.6991828862665,846.1008171137337,2897.8,25.6,25.6,23.6
7311,3518.0,2934.884440456948,583.1155595430519,3518.0,27.9,28.1,25.5
7312,3271.9,2802.5585021951056,469.3414978048945,3271.9,28.0,29.0,26.7
7313,1720.2,2725.525059303349,-1005.3250593033488,1720.2,28.5,28.5,27.8
7314,2483.7,698.5793460091515,1785.1206539908485,2483.7,29.0,29.2,28.5
7315,1950.0,1527.098284863089,422.901715136911,1950.0,28.6,29.5,28.5
7316,804.5,1172.574627302211,-368.07462730221096,804.5,28.3,28.8,27.9
7317,334.3,431.9906220290587,-97.69062202905872,334.3,27.4,28.3,27.4
7318,6.3,161.2601689017734,-154.9601689017734,6.3,26.5,27.4,26.5
7319,0.0,3.713463444349184,-3.713463444349184,0.0,26.0,26.5,25.9
7320,0.0,0.0,0.0,0.0,25.2,26.0,25.2
7321,0.0,7.659361750653007e-33,-7.659361750653007e-33,0.0,24.7,25.4,24.7
7322,0.0,0.0,0.0,0.0,23.6,24.7,23.5
7323,0.0,0.0,0.0,0.0,23.8,24.1,23.6
7324,0.0,0.0,0.0,0.0,22.0,23.9,22.0
7325,0.0,0.0,0.0,0.0,20.8,22.9,20.8
7326,0.0,2.6405837045359582e-98,-2.6405837045359582e-98,0.0,19.1,20.8,19.1
7327,0.0,0.0,0.0,0.0,19.2,19.2,18.8
7328,0.0,0.0,0.0,0.0,18.8,19.7,18.8
7329,16.8,2.8054827220331173,13.994517277966883,16.8,19.1,19.1,18.6
7330,473.3,130.31611389716085,342.9838861028392,473.3,23.5,23.9,19.1
7331,1280.9,436.175815840093,844.724184159907,1280.9,25.4,25.5,23.5
7332,2186.7,1061.3860913002782,1125.3139086997217,2186.7,26.5,26.7,25.3
7333,2902.0,2285.760599982278,616.2394000177219,2902.0,28.1,28.5,26.5
7334,2777.7,2679.827567546453,97.87243245354692,2777.7,28.5,29.2,27.6
7335,2106.4,2900.124384412733,-793.7243844127329,2106.4,30.1,30.7,28.1
7336,1133.4,2089.991757430499,-956.591757430499,1133.4,29.0,30.1,28.5
7337,1533.0,1078.51878334181,454.48121665818985,1533.0,29.4,29.7,28.7
7338,2473.7,1523.0236520918606,950.6763479081392,2473.7,30.3,30.7,29.1
7339,906.4,1706.6693759981445,-800.2693759981445,906.4,21.7,30.4,21.7
7340,917.6,341.7264966144838,575.8735033855162,917.6,24.8,25.1,21.7
7341,268.7,464.58666785357593,-195.88666785357597,268.7,24.3,24.8,24.3
7342,10.0,39.31685279177268,-29.316852791772675,10.0,23.5,24.3,23.1
7343,0.0,4.379429827593814,-4.379429827593814,0.0,23.3,23.7,23.3
7344,0.0,0.0,0.0,0.0,23.0,23.3,22.9
7345,0.0,0.0,0.0,0.0,23.0,23.0,22.9
7346,0.0,0.0,0.0,0.0,23.0,23.2,23.0
7347,0.0,0.0,0.0,0.0,23.2,23.3,23.0
7348,0.0,0.0,0.0,0.0,21.0,23.3,21.0
7349,0.0,0.0,0.0,0.0,20.2,21.0,20.2
7350,0.0,0.0,0.0,0.0,19.5,20.2,19.5
7351,0.0,0.0,0.0,0.0,18.8,19.5,18.8
7352,0.0,3.0475464940054083e-144,-3.0475464940054083e-144,0.0,18.4,18.8,18.3
7353,0.3,9.14608993146342,-8.84608993146342,0.3,18.3,18.4,18.2
7354,5.5,278.3277560543106,-272.8277560543106,5.5,18.1,18.3,18.1
7355,68.0,540.7052785075645,-472.70527850756446,68.0,18.2,18.2,18.1
7356,102.4,952.9869762983272,-850.5869762983272,102.4,18.1,18.2,18.1
7357,139.5,1633.98192502505,-1494.48192502505,139.5,18.1,18.2,18.1
7358,334.7,1170.0477723123277,-835.3477723123276,334.7,18.5,18.6,18.1
7359,496.8,1119.9840737327672,-623.1840737327673,496.8,18.7,18.7,18.4
7360,808.2,671.3997253624854,136.8002746375147,808.2,19.3,19.3,18.5
7361,1309.7,732.5666214830836,577.1333785169164,1309.7,20.4,20.4,19.2
7362,1476.1,2159.4765424542884,-683.3765424542885,1476.1,21.7,21.7,20.4
7363,1186.6,786.0555630117362,400.54443698826367,1186.6,21.5,22.0,21.4
7364,1013.7,721.447923453575,292.2520765464251,1013.7,22.0,22.5,21.5
7365,270.4,417.6330262756818,-147.23302627568182,270.4,20.9,22.0,20.9
7366,3.2,4.268678206748774,-1.068678206748774,3.2,20.3,20.9,20.3
7367,0.0,0.0,0.0,0.0,20.4,20.4,20.0
7368,0.0,0.0,0.0,0.0,19.7,20.4,19.7
7369,0.0,0.0,0.0,0.0,19.5,19.7,19.4
7370,0.0,0.0,0.0,0.0,19.2,19.6,19.2
7371,0.0,0.0,0.0,0.0,18.5,19.2,18.5
7372,0.0,0.0,0.0,0.0,18.6,18.7,18.5
7373,0.0,0.0,0.0,0.0,18.5,18.6,18.0
7374,0.0,0.0,0.0,0.0,18.9,18.9,18.4
7375,0.0,0.0,0.0,0.0,19.4,19.4,18.9
7376,0.0,0.0,0.0,0.0,19.3,19.4,19.2
7377,1.9,7.558725026784919,-5.65872502678492,1.9,19.3,19.4,19.2
7378,178.0,207.94355397729217,-29.94355397729217,178.0,19.9,19.9,19.3
7379,725.4,576.3806749568508,149.01932504314914,725.4,21.4,21.4,19.9
7380,1487.9,1095.2574242912106,392.6425757087896,1487.9,23.1,23.2,21.4
7381,1001.2,1650.8587466627407,-649.6587466627407,1001.2,23.7,23.9,23.0
7382,1028.3,1164.697725094147,-136.39772509414706,1028.3,24.4,24.4,23.7
7383,1476.4,938.8523660775452,537.5476339224549,1476.4,24.8,24.8,24.3
7384,2048.4,1082.2362552464265,966.1637447535736,2048.4,25.4,25.8,24.8
7385,1124.3,2039.578488235818,-915.278488235818,1124.3,25.5,25.5,25.0
7386,1319.0,1680.8995243278591,-361.8995243278591,1319.0,25.2,25.7,25.2
7387,1040.1,665.2429609914572,374.8570390085428,1040.1,25.5,25.6,24.9
7388,701.4,934.7462586251064,-233.34625862510632,701.4,24.9,25.6,24.9
7389,196.6,129.39330750958965,67.20669249041035,196.6,23.8,24.9,23.8
7390,6.1,0.0,6.1,6.1,22.6,23.7,22.6
7391,0.0,0.1206669477925399,-0.1206669477925399,0.0,22.5,22.7,22.5
7392,0.0,0.0,0.0,0.0,21.4,22.5,21.4
7393,0.0,0.0,0.0,0.0,20.7,21.4,20.4
7394,0.0,0.0,0.0,0.0,19.9,20.8,19.9
7395,0.0,0.0,0.0,0.0,19.2,19.9,19.2
7396,0.0,0.0,0.0,0.0,18.9,19.7,18.8
7397,0.0,0.0,0.0,0.0,19.0,19.1,18.4
7398,0.0,0.0,0.0,0.0,18.5,19.1,18.5
7399,0.0,0.0,0.0,0.0,18.2,18.6,18.2
7400,0.0,0.0,0.0,0.0,17.9,18.4,17.9
7401,20.2,1.0275726124704083,19.17242738752959,20.2,17.7,17.9,17.6
7402,549.3,98.490100826438,450.809899173562,549.3,20.9,21.0,17.7
7403,1318.7,668.1706499811322,650.5293500188678,1318.7,23.8,23.8,20.9
7404,2230.4,1353.3236590841798,877.0763409158203,2230.4,25.2,25.8,23.8
7405,2957.4,1486.085973161335,1471.314026838665,2957.4,27.6,27.6,25.2
7406,3474.1,2198.6019962362807,1275.4980037637192,3474.1,29.4,29.4,27.6
7407,3005.3,2766.558752610172,238.741247389828,3005.3,30.5,30.6,29.0
7408,3034.7,2686.270894417532,348.42910558246786,3034.7,30.6,30.8,29.5
7409,3079.2,2227.5452382209523,851.6547617790475,3079.2,31.4,31.4,30.2
7410,2259.2,2566.873557030167,-307.6735570301671,2259.2,31.1,31.6,30.5
7411,900.6,1660.233710406137,-759.6337104061373,900.6,29.9,31.1,29.8
7412,914.5,704.1013143300809,210.39868566991916,914.5,26.6,29.9,26.1
7413,306.3,301.2744739619969,5.025526038003136,306.3,25.6,26.6,25.6
7414,11.1,65.9822653522254,-54.8822653522254,11.1,24.0,25.6,24.0
7415,0.0,4.459048291809318,-4.459048291809318,0.0,24.1,24.4,23.4
7416,0.0,0.0,0.0,0.0,23.1,24.1,23.1
7417,0.0,0.0,0.0,0.0,23.4,24.1,23.1
7418,0.0,0.0,0.0,0.0,21.0,23.4,21.0
7419,0.0,0.0,0.0,0.0,19.7,21.0,19.7
7420,0.0,0.0,0.0,0.0,19.4,19.7,19.4
7421,0.0,0.0,0.0,0.0,18.9,19.4,18.9
7422,0.0,0.0,0.0,0.0,18.0,18.9,18.0
7423,0.0,0.0,0.0,0.0,17.4,18.0,17.3
7424,0.0,0.0,0.0,0.0,17.7,18.0,17.4
7425,16.0,10.457728372006022,5.542271627993978,16.0,17.9,17.9,17.5
7426,437.9,343.12472999038584,94.77527000961412,437.9,21.2,21.2,17.9
7427,887.4,1009.7070741422764,-122.30707414227628,887.4,22.2,22.5,21.2
7428,2105.4,1673.9113367910677,431.4886632089324,2105.4,24.8,25.5,22.0
7429,3010.5,2106.1632904329863,904.3367095670136,3010.5,26.3,26.3,24.8
7430,3486.1,2875.1260823627417,610.9739176372582,3486.1,27.0,27.1,26.2
7431,3854.0,2987.760313690503,866.2396863094968,3854.0,28.1,28.2,27.0
7432,3896.6,3515.925207885532,380.6747921144684,3896.6,29.2,29.5,27.9
7433,3471.8,2994.376167405423,477.4238325945771,3471.8,29.5,29.8,28.7
7434,2748.6,2654.7391997884743,93.86080021152566,2748.6,29.9,30.5,29.5
7435,1529.6,1606.8704797928372,-77.27047979283725,1529.6,29.4,30.8,29.4
7436,874.4,1172.4585116927922,-298.0585116927922,874.4,29.2,30.4,29.1
7437,439.3,319.488562149976,119.81143785002403,439.3,27.9,29.5,27.9
7438,9.3,145.27858686729368,-135.97858686729367,9.3,24.8,28.0,24.8
7439,0.0,0.8825663870304226,-0.8825663870304226,0.0,23.8,24.8,23.8
7440,0.0,0.0,0.0,0.0,23.3,24.0,23.0
7441,0.0,3.92679874212261e-49,-3.92679874212261e-49,0.0,22.8,23.4,22.5
7442,0.0,4.383778175274736e-49,-4.383778175274736e-49,0.0,22.0,23.0,22.0
7443,0.0,0.0,0.0,0.0,22.0,22.6,21.5
7444,0.0,0.0,0.0,0.0,21.5,22.4,21.3
7445,0.0,0.0,0.0,0.0,21.2,21.5,21.2
7446,0.0,0.0,0.0,0.0,20.6,21.2,20.6
7447,0.0,0.0,0.0,0.0,20.3,20.6,20.3
7448,0.0,0.0,0.0,0.0,19.9,20.3,19.9
7449,19.2,16.353807142101566,2.846192857898433,19.2,19.9,19.9,19.6
7450,560.7,447.9880625442493,112.71193745575071,560.7,22.2,22.2,19.9
7451,1442.8,1066.8455305109624,375.9544694890376,1442.8,23.8,23.9,22.2
7452,2154.5,2273.8864398019728,-119.38643980197276,2154.5,25.2,25.8,23.8
7453,2427.3,2844.136231067033,-416.8362310670327,2427.3,26.1,26.4,25.0
7454,3131.7,2976.054793640245,155.64520635975487,3131.7,27.5,27.9,26.0
7455,2424.4,3128.569615283395,-704.1696152833947,2424.4,28.3,28.3,27.2
7456,1323.0,2700.204165331345,-1377.204165331345,1323.0,28.2,28.5,27.1
7457,1074.6,1747.6310202382049,-673.0310202382047,1074.6,25.1,28.4,25.1
7458,915.4,1003.8004472798116,-88.40044727981149,915.4,24.9,25.5,24.1
7459,1336.0,199.81181476212032,1136.1881852378797,1336.0,26.4,26.6,23.8
7460,1490.5,952.5832819942524,537.9167180057475,1490.5,25.0,26.4,24.6
7461,404.6,798.519514658385,-393.91951465838497,404.6,24.8,25.0,24.2
7462,13.9,50.3945341039655,-36.4945341039655,13.9,23.6,24.8,23.6
7463,0.0,3.141610172920619,-3.141610172920619,0.0,22.6,23.6,22.6
7464,0.0,3.621713703746524e-17,-3.621713703746524e-17,0.0,21.8,22.6,21.8
7465,0.0,2.6400968515225613e-97,-2.6400968515225613e-97,0.0,21.1,21.8,21.1
7466,0.0,4.271004078990277e-45,-4.271004078990277e-45,0.0,20.6,21.1,20.5
7467,0.0,9.906417425817174e-65,-9.906417425817174e-65,0.0,20.5,20.6,20.5
7468,0.0,0.0,0.0,0.0,20.4,20.5,20.3
7469,0.0,5.319094519202623e-97,-5.319094519202623e-97,0.0,20.2,20.4,20.2
7470,0.0,0.0,0.0,0.0,20.3,20.4,20.2
7471,0.0,0.0,0.0,0.0,20.5,20.7,20.3
7472,0.0,2.8886690428289863e-162,-2.8886690428289863e-162,0.0,20.1,20.5,20.1
7473,11.2,16.081535526729574,-4.881535526729575,11.2,20.1,20.1,20.0
7474,262.5,453.92291800165344,-191.42291800165344,262.5,20.7,20.7,20.1
7475,753.0,944.3946167108194,-191.39461671081935,753.0,22.3,22.3,20.7
7476,911.9,1719.5605681071534,-807.6605681071534,911.9,23.2,23.2,22.1
7477,1933.4,1761.8690793470446,171.5309206529555,1933.4,24.1,24.8,23.2
7478,1848.5,2644.9561001088305,-796.4561001088305,1848.5,25.4,25.7,24.1
7479,2748.3,2034.7379894694895,713.5620105305104,2748.3,25.8,26.7,25.3
7480,1251.7,2254.3510507341075,-1002.6510507341076,1251.7,22.5,26.1,21.9
7481,2838.3,1291.571261135526,1546.7287388644745,2838.3,26.5,26.5,22.5
7482,1477.0,2173.7847746314555,-696.7847746314555,1477.0,22.9,26.6,22.9
7483,306.6,1207.883411691481,-901.2834116914806,306.6,20.3,22.9,20.3
7484,183.8,431.1035595830474,-247.3035595830474,183.8,20.7,20.8,20.3
7485,170.3,0.0,170.3,170.3,20.0,20.7,20.0
7486,5.2,0.0,5.2,5.2,19.7,20.0,19.7
7487,0.0,0.0,0.0,0.0,20.0,20.1,19.7
7488,0.0,4.394794653726108e-16,-4.394794653726108e-16,0.0,20.0,20.2,20.0
7489,0.0,0.0,0.0,0.0,20.2,20.3,20.0
7490,0.0,3.2670513316498458e-65,-3.2670513316498458e-65,0.0,20.3,21.0,20.2
7491,0.0,0.0,0.0,0.0,20.1,20.4,20.1
7492,0.0,0.0,0.0,0.0,18.9,20.1,18.9
7493,0.0,0.0,0.0,0.0,18.7,18.9,18.7
7494,0.0,0.0,0.0,0.0,18.6,18.7,18.6
7495,0.0,0.0,0.0,0.0,18.6,18.6,18.5
7496,0.0,0.0,0.0,0.0,18.5,18.6,18.5
7497,18.8,13.63402924627947,5.165970753720531,18.8,18.7,18.7,18.5
7498,211.5,370.87567703014366,-159.37567703014366,211.5,19.1,19.1,18.7
7499,448.6,877.6952935050144,-429.0952935050144,448.6,19.9,19.9,19.1
7500,725.5,1006.7003767941964,-281.2003767941965,725.5,21.2,21.2,19.9
7501,1606.5,1539.750065524817,66.74993447518295,1606.5,23.4,23.5,21.2
7502,1536.7,1988.594076788452,-451.8940767884517,1536.7,23.4,24.1,23.1
7503,3521.8,1889.5169881877764,1632.2830118122238,3521.8,26.6,26.6,23.4
7504,3405.3,1945.100943891028,1460.1990561089724,3405.3,27.2,27.5,26.4
7505,1221.6,3328.235396842172,-2106.635396842172,1221.6,26.7,27.4,26.5
7506,624.2,704.3846087643686,-80.18460876436859,624.2,22.6,26.8,22.6
7507,206.4,410.04582449641697,-203.64582449641696,206.4,20.9,22.5,20.9
7508,209.3,388.24269951491146,-178.94269951491145,209.3,22.4,22.4,20.9
7509,178.5,0.0,178.5,178.5,22.0,22.8,21.8
7510,10.3,0.0,10.3,10.3,21.4,22.0,21.4
7511,0.0,1.1906102970323025,-1.1906102970323025,0.0,20.7,21.6,20.7
7512,0.0,0.0,0.0,0.0,20.9,21.1,20.6
7513,0.0,0.0,0.0,0.0,20.5,20.9,20.3
7514,0.0,0.0,0.0,0.0,22.1,22.1,20.5
7515,0.0,0.0,0.0,0.0,21.5,22.1,21.5
7516,0.0,0.0,0.0,0.0,20.8,21.7,20.8
7517,0.0,0.0,0.0,0.0,20.9,21.1,20.8
7518,0.0,0.0,0.0,0.0,20.1,20.9,19.7
7519,0.0,0.0,0.0,0.0,20.5,20.5,20.1
7520,0.0,0.0,0.0,0.0,20.2,20.6,20.2
7521,12.3,13.818729363268462,-1.518729363268461,12.3,20.6,20.6,20.1
7522,526.4,213.03846690093064,313.36153309906933,526.4,21.9,21.9,20.6
7523,1381.7,747.1077419780415,634.5922580219585,1381.7,23.8,23.8,21.9
7524,2237.3,1303.3718206684534,933.9281793315467,2237.3,25.0,25.3,23.6
7525,1961.6,2603.851061617047,-642.2510616170471,1961.6,25.2,25.2,24.2
7526,3559.4,1771.8703448225692,1787.5296551774309,3559.4,26.7,27.0,25.1
7527,4139.9,4226.468522448468,-86.56852244846868,4139.9,28.4,28.6,26.7
7528,3770.5,3020.2490065612164,750.2509934387836,3770.5,29.2,29.4,28.2
7529,3077.6,2872.554860871778,205.04513912822176,3077.6,29.3,30.3,28.8
7530,2448.3,1788.246099646136,660.0539003538643,2448.3,29.6,31.1,29.0
7531,694.4,1250.4464434116155,-556.0464434116155,694.4,21.9,30.2,21.9
7532,898.0,490.59894189868095,407.4010581013191,898.0,23.0,23.0,21.3
7533,125.0,641.3357621706114,-516.3357621706114,125.0,23.4,23.6,23.0
7534,31.7,0.0,31.7,31.7,23.5,23.5,23.1
7535,0.0,16.447660033896327,-16.447660033896327,0.0,23.1,23.5,23.1
7536,0.0,1.2717067395770947e-16,-1.2717067395770947e-16,0.0,22.9,23.1,22.8
7537,0.0,0.0,0.0,0.0,22.7,23.0,22.7
7538,0.0,0.0,0.0,0.0,22.8,23.1,22.7
7539,0.0,0.0,0.0,0.0,22.8,22.8,22.7
7540,0.0,5.672568975849462e-81,-5.672568975849462e-81,0.0,22.5,22.9,22.5
7541,0.0,9.777763576832022e-97,-9.777763576832022e-97,0.0,21.9,22.5,21.9
7542,0.0,0.0,0.0,0.0,21.4,21.9,21.4
7543,0.0,2.7467100609777315e-129,-2.7467100609777315e-129,0.0,20.8,21.4,20.8
7544,0.0,0.0,0.0,0.0,20.4,20.8,20.4
7545,8.4,13.969108853020613,-5.5691088530206105,8.4,20.5,20.6,20.4
7546,256.7,338.0448489004842,-81.34484890048424,256.7,20.8,20.9,20.4
7547,682.8,793.7999528251254,-110.99995282512543,682.8,21.3,21.3,20.8
7548,1458.4,1264.1932542891998,194.2067457108003,1458.4,22.5,22.6,21.3
7549,921.7,1681.3020268947098,-759.6020268947098,921.7,23.1,23.1,22.2
7550,737.6,1883.3745708376728,-1145.7745708376729,737.6,23.2,23.2,22.6
7551,1484.1,2392.5214638529246,-908.4214638529248,1484.1,24.1,24.2,23.2
7552,2690.7,1895.8094580098375,794.8905419901621,2690.7,25.9,25.9,24.0
7553,2856.2,1601.406349151257,1254.7936508487428,2856.2,27.0,27.3,25.4
7554,2458.2,2019.2013527620563,438.9986472379435,2458.2,27.3,28.0,26.4
7555,1736.7,1111.666168465959,625.0338315340412,1736.7,27.4,27.7,26.8
7556,955.1,1409.3039070099755,-454.2039070099755,955.1,26.5,27.5,26.5
7557,281.0,432.2179098864684,-151.21790988646842,281.0,25.8,26.5,25.8
7558,8.5,117.6648200246368,-109.1648200246368,8.5,25.2,25.8,25.2
7559,0.0,0.0,0.0,0.0,24.0,25.3,24.0
7560,0.0,0.0,0.0,0.0,23.5,24.0,23.3
7561,0.0,0.0,0.0,0.0,24.1,24.3,23.5
7562,0.0,0.0,0.0,0.0,23.3,24.0,23.3
7563,0.0,0.0,0.0,0.0,23.1,23.3,23.1
7564,0.0,9.522162777298266e-309,-9.522162777298266e-309,0.0,22.7,23.2,22.7
7565,0.0,1.0868111673735336e-96,-1.0868111673735336e-96,0.0,21.8,22.8,21.8
7566,0.0,3.154932710233e-312,-3.154932710233e-312,0.0,20.6,21.8,20.6
7567,0.0,0.0,0.0,0.0,20.3,20.7,20.3
7568,0.0,1.3940924822573561e-143,-1.3940924822573561e-143,0.0,19.8,20.3,19.8
7569,37.6,9.271315376669424,28.328684623330577,37.6,19.7,19.8,19.6
7570,591.6,366.8680407345624,224.73195926543764,591.6,20.6,20.7,19.7
7571,1429.6,1082.680414565343,346.91958543465694,1429.6,21.7,21.8,20.6
7572,2448.6,2002.300189782636,446.2998102173642,2448.6,22.6,22.8,21.7
7573,3167.1,1820.113742262311,1346.986257737689,3167.1,24.3,24.3,22.6
7574,3269.2,3165.434992070054,103.76500792994602,3269.2,25.2,25.3,24.1
7575,3326.0,3432.597544706211,-106.597544706211,3326.0,26.3,26.5,25.1
7576,3997.8,3474.112277321316,523.6877226786846,3997.8,27.7,28.0,26.2
7577,2986.2,3431.0108365733363,-444.8108365733365,2986.2,28.2,29.1,27.2
7578,2389.6,2429.6756240749364,-40.07562407493651,2389.6,28.3,29.0,27.6
7579,2387.6,1239.591361815009,1148.008638184991,2387.6,28.8,29.3,27.9
7580,1469.3,1700.158683127753,-230.858683127753,1469.3,27.8,29.3,27.8
7581,454.8,616.4805357264665,-161.68053572646653,454.8,27.4,28.1,27.4
7582,12.1,199.61000399922565,-187.5100039992257,12.1,26.1,27.4,26.1
7583,0.0,0.0,0.0,0.0,25.1,26.2,25.1
7584,0.0,0.0,0.0,0.0,24.4,25.3,24.3
7585,0.0,0.0,0.0,0.0,23.4,24.4,23.4
7586,0.0,0.0,0.0,0.0,22.7,23.4,22.7
7587,0.0,0.0,0.0,0.0,22.8,23.0,22.6
7588,0.0,0.0,0.0,0.0,22.3,23.0,22.3
7589,0.0,1.9048054577435936e-98,-1.9048054577435936e-98,0.0,21.6,22.4,21.6
7590,0.0,0.0,0.0,0.0,21.5,21.8,21.4
7591,0.0,1.4673627709171297e-131,-1.4673627709171297e-131,0.0,20.7,21.5,20.7
7592,0.0,0.0,0.0,0.0,19.8,20.7,19.8
7593,45.7,21.636125735734847,24.06387426426516,45.7,19.7,19.8,19.2
7594,689.9,410.12166500366834,279.77833499633164,689.9,20.8,21.0,19.7
7595,1525.8,1179.3733631733344,346.4266368266656,1525.8,22.4,22.5,20.8
7596,2467.1,2171.535047925546,295.5649520744537,2467.1,24.2,24.5,22.4
7597,3110.1,2368.430384810208,741.6696151897918,3110.1,25.7,26.2,24.2
7598,3606.3,2699.6257108840064,906.6742891159938,3606.3,27.5,27.5,25.6
7599,3668.4,3404.2071033911334,264.1928966088667,3668.4,28.1,28.4,27.2
7600,3937.7,4050.6008384148986,-112.90083841489876,3937.7,28.3,29.2,27.7
7601,3617.6,3243.5915781926515,374.0084218073485,3617.6,29.0,29.8,28.3
7602,3199.0,2854.1014036323822,344.89859636761776,3199.0,29.3,29.9,28.9
7603,2430.6,2573.697483650916,-143.09748365091582,2430.6,29.2,29.4,28.9
7604,1479.3,1482.98814821859,-3.688148218590186,1479.3,28.5,29.2,28.4
7605,519.2,586.6667494558673,-67.46674945586722,519.2,27.0,28.6,27.0
7606,8.9,132.02757402823462,-123.12757402823462,8.9,25.9,27.1,25.8
7607,0.0,0.0,0.0,0.0,24.9,25.9,24.9
7608,0.0,0.0,0.0,0.0,23.9,24.9,23.9
7609,0.0,1.6275974996698963e-32,-1.6275974996698963e-32,0.0,23.8,23.9,23.7
7610,0.0,0.0,0.0,0.0,23.1,23.8,23.1
7611,0.0,0.0,0.0,0.0,22.2,23.1,22.1
7612,0.0,3.918139172237296e-80,-3.918139172237296e-80,0.0,21.9,22.4,21.9
7613,0.0,0.0,0.0,0.0,18.4,21.9,18.2
7614,0.0,1.1326251857400328e-111,-1.1326251857400328e-111,0.0,20.4,20.4,18.2
7615,0.0,0.0,0.0,0.0,20.9,21.2,20.4
7616,0.0,0.0,0.0,0.0,20.1,21.0,20.1
7617,39.7,38.07675928861675,1.6232407113832537,39.7,20.0,20.1,19.5
7618,686.1,586.1413297206935,99.95867027930647,686.1,22.0,22.0,20.0
7619,1575.5,1414.4438173927883,161.05618260721167,1575.5,22.9,23.0,22.0
7620,2430.7,2390.9787248478024,39.72127515219745,2430.7,24.8,24.8,22.9
7621,3125.0,2984.8506153187045,140.1493846812955,3125.0,27.1,27.1,24.8
7622,3433.3,3321.0194191699834,112.2805808300168,3433.3,28.4,28.8,26.7
7623,3329.6,3392.5188783020308,-62.91887830203086,3329.6,28.5,29.1,27.0
7624,3526.6,3701.251101356484,-174.65110135648365,3526.6,28.6,29.5,28.3
7625,2129.5,2965.8657208652867,-836.3657208652867,2129.5,29.7,30.1,27.8
7626,3069.3,1955.4399840893243,1113.860015910676,3069.3,30.5,30.8,29.7
7627,2209.8,2535.609383239724,-325.809383239724,2209.8,29.5,30.9,29.5
7628,1153.5,1353.0768097712662,-199.5768097712662,1153.5,29.5,30.2,29.1
7629,515.8,317.25222422173954,198.5477757782604,515.8,28.4,29.6,28.4
7630,10.3,57.79962625692002,-47.49962625692002,10.3,27.4,28.4,27.4
7631,0.0,0.5755016116275042,-0.5755016116275042,0.0,26.7,27.5,26.7
7632,0.0,0.0,0.0,0.0,25.3,26.7,25.3
7633,0.0,0.0,0.0,0.0,25.1,25.4,24.8
7634,0.0,0.0,0.0,0.0,24.8,25.1,24.7
7635,0.0,2.587257932933139e-65,-2.587257932933139e-65,0.0,22.7,24.8,22.7
7636,0.0,0.0,0.0,0.0,21.0,22.7,20.5
7637,0.0,0.0,0.0,0.0,19.7,22.8,19.6
7638,0.0,0.0,0.0,0.0,19.1,20.4,19.1
7639,0.0,0.0,0.0,0.0,19.4,20.9,19.1
7640,0.0,0.0,0.0,0.0,21.5,21.5,19.0
7641,41.0,38.61842271366451,2.3815772863354923,41.0,20.7,22.3,20.7
7642,433.4,626.3546958355167,-192.9546958355168,433.4,23.7,23.7,19.8
7643,1316.0,1279.0955749596976,36.90442504030239,1316.0,25.4,25.5,23.7
7644,2390.7,2159.171112576417,231.528887423583,2390.7,26.8,27.1,25.4
7645,3090.4,2946.239217695413,144.16078230458697,3090.4,28.3,28.5,26.7
7646,3624.7,3368.788735581186,255.911264418814,3624.7,29.5,29.5,28.3
7647,3616.6,3464.213986657914,152.3860133420858,3616.6,28.8,30.4,28.5
7648,3476.0,3684.724172497815,-208.72417249781483,3476.0,30.2,30.6,28.4
7649,2752.0,2636.4101700740057,115.58982992599432,2752.0,30.3,30.8,29.0
7650,1135.7,2967.5788811101584,-1831.8788811101583,1135.7,30.0,30.7,28.8
7651,2277.7,936.5889976866088,1341.111002313391,2277.7,30.3,31.3,30.0
7652,1500.6,1306.9108051815622,193.68919481843773,1500.6,30.4,31.0,30.3
7653,513.1,681.5016448724169,-168.4016448724169,513.1,29.3,30.4,29.3
7654,9.4,37.18650709448645,-27.78650709448645,9.4,26.8,29.3,26.8
7655,0.0,0.4259930613682758,-0.4259930613682758,0.0,25.9,26.8,24.2
7656,0.0,0.0,0.0,0.0,23.7,25.9,23.7
7657,0.0,1.4421515190005928e-32,-1.4421515190005928e-32,0.0,22.8,23.7,22.1
7658,0.0,0.0,0.0,0.0,23.1,23.1,22.7
7659,0.0,0.0,0.0,0.0,22.9,24.8,22.9
7660,0.0,0.0,0.0,0.0,22.9,23.1,22.7
7661,0.0,0.0,0.0,0.0,21.6,22.9,21.4
7662,0.0,0.0,0.0,0.0,20.6,22.2,20.6
7663,0.0,0.0,0.0,0.0,21.2,21.4,20.6
7664,0.0,0.0,0.0,0.0,20.1,21.2,19.9
7665,21.6,36.73324773119622,-15.13324773119622,21.6,20.9,21.0,19.8
7666,266.6,492.43900824257,-225.83900824256995,266.6,23.4,23.4,20.9
7667,834.6,1148.037970073298,-313.43797007329783,834.6,25.1,25.1,23.4
7668,596.5,1869.2521785566223,-1272.7521785566223,596.5,24.4,25.2,23.6
7669,2075.9,1735.5795178198491,340.320482180151,2075.9,27.3,27.3,24.5
7670,3456.4,2702.4037363703173,753.9962636296827,3456.4,29.1,29.4,27.2
7671,2902.9,3329.8414861031333,-426.9414861031332,2902.9,29.5,29.6,28.3
7672,3372.7,3003.852754469857,368.847245530143,3372.7,30.7,30.7,28.8
7673,3242.6,2364.111912748771,878.488087251229,3242.6,31.1,31.5,29.7
7674,2427.3,2543.7980595592,-116.49805955919965,2427.3,30.1,31.6,30.0
7675,1650.1,2426.7286864344373,-776.6286864344374,1650.1,30.3,31.1,30.1
7676,1002.4,949.8454311998069,52.55456880019312,1002.4,29.5,31.0,29.3
7677,351.0,323.4587727805868,27.5412272194132,351.0,28.2,29.5,28.2
7678,7.3,0.0,7.3,7.3,26.1,28.2,26.1
7679,0.0,0.0,0.0,0.0,25.6,26.1,25.6
7680,0.0,0.0,0.0,0.0,25.0,25.7,25.0
7681,0.0,0.0,0.0,0.0,24.3,25.1,23.6
7682,0.0,3.9752128496401676e-81,-3.9752128496401676e-81,0.0,24.6,24.8,24.3
7683,0.0,0.0,0.0,0.0,24.2,24.6,24.0
7684,0.0,0.0,0.0,0.0,23.7,24.2,23.7
7685,0.0,0.0,0.0,0.0,23.2,23.7,23.0
7686,0.0,0.0,0.0,0.0,22.6,23.2,22.6
7687,0.0,1.3302811096564878e-244,-1.3302811096564878e-244,0.0,22.3,22.8,22.3
7688,0.0,0.0,0.0,0.0,19.9,22.3,19.9
7689,42.4,28.091809580447773,14.308190419552226,42.4,20.2,20.2,19.6
7690,452.7,324.77587685569,127.92412314431,452.7,24.0,24.0,20.2
7691,1269.6,1062.4724365093978,207.1275634906021,1269.6,24.7,25.0,23.8
7692,2168.6,1531.540329571657,637.0596704283432,2168.6,25.8,26.0,24.7
7693,2682.9,2905.48365917909,-222.58365917908984,2682.9,26.9,26.9,25.4
7694,3044.7,3454.5349547352416,-409.8349547352418,3044.7,27.4,28.2,26.9
7695,227.7,2834.513071023202,-2606.813071023202,227.7,18.7,27.4,17.6
7696,3155.0,1240.4769250518343,1914.5230749481652,3155.0,24.9,27.8,18.7
7697,1053.4,2765.529107208008,-1712.129107208008,1053.4,23.7,25.3,23.7
7698,635.6,506.8505907862624,128.74940921373764,635.6,24.7,24.7,23.7
7699,987.9,1093.432246033145,-105.53224603314504,987.9,24.6,24.9,24.6
7700,131.7,597.1959898211733,-465.4959898211733,131.7,19.1,24.6,18.4
7701,151.9,0.0,151.9,151.9,20.4,20.4,19.1
7702,6.0,0.0,6.0,6.0,20.4,20.6,20.3
7703,0.0,0.0,0.0,0.0,19.5,20.4,19.4
7704,0.0,0.0,0.0,0.0,19.5,19.5,19.4
7705,0.4,0.0,0.4,0.4,20.3,20.5,19.5
7706,0.0,0.2699450379072702,-0.2699450379072702,0.0,19.7,20.3,19.7
7707,0.0,0.0,0.0,0.0,19.2,19.7,18.9
7708,0.0,0.0,0.0,0.0,17.9,19.3,17.9
7709,0.0,0.0,0.0,0.0,17.2,18.5,17.2
7710,0.0,9.422969191498785e-146,-9.422969191498785e-146,0.0,17.4,17.6,17.2
7711,0.0,0.0,0.0,0.0,17.2,17.5,17.2
7712,0.0,0.0,0.0,0.0,17.6,17.8,17.0
7713,15.5,29.557702219954123,-14.057702219954123,15.5,17.0,17.6,16.7
7714,578.5,321.7681302678973,256.7318697321027,578.5,19.3,19.4,16.9
7715,1016.0,1133.882432291994,-117.88243229199406,1016.0,20.8,20.8,19.3
7716,1984.8,1323.4515872621764,661.3484127378235,1984.8,24.1,24.1,20.8
7717,3000.2,2647.730225550651,352.46977444934873,3000.2,26.6,26.6,23.9
7718,3575.6,3506.8097169261464,68.79028307385352,3575.6,28.8,28.8,26.1
7719,3313.2,1789.8552353858497,1523.3447646141503,3313.2,28.9,29.3,28.2
7720,3912.6,4272.73131985164,-360.13131985164046,3912.6,29.8,30.0,28.7
7721,3295.3,2566.442938671706,728.8570613282941,3295.3,30.0,30.2,29.1
7722,2946.7,2300.1118519600045,646.5881480399953,2946.7,29.5,30.6,29.1
7723,1476.7,2261.4758363145024,-784.7758363145024,1476.7,27.8,29.6,27.8
7724,386.3,699.8186441914766,-313.51864419147654,386.3,26.9,27.8,26.9
7725,287.4,144.51782007867004,142.88217992132994,287.4,25.6,26.9,25.6
7726,19.9,46.51611250617731,-26.61611250617731,19.9,24.1,25.6,24.1
7727,0.0,9.397243087579682,-9.397243087579682,0.0,23.0,24.1,23.0
7728,0.0,0.0,0.0,0.0,22.4,23.1,22.4
7729,0.0,0.183769249563528,-0.183769249563528,0.0,21.5,22.4,21.5
7730,0.0,0.0,0.0,0.0,21.1,21.5,21.1
7731,0.0,0.0,0.0,0.0,20.7,21.1,20.6
7732,0.0,9.376786520845892e-32,-9.376786520845892e-32,0.0,21.2,21.4,20.7
7733,0.0,0.0,0.0,0.0,20.3,21.2,20.3
7734,0.0,0.0,0.0,0.0,20.2,20.4,20.2
7735,0.0,0.0,0.0,0.0,20.1,20.2,19.8
7736,0.0,0.0,0.0,0.0,20.2,20.2,20.1
7737,14.6,26.214858431793385,-11.614858431793383,14.6,20.5,20.5,20.2
7738,166.9,461.4316915901206,-294.53169159012054,166.9,21.0,21.0,20.5
7739,793.0,833.136446126008,-40.13644612600797,793.0,22.3,22.5,21.0
7740,1678.2,1721.196124972912,-42.99612497291196,1678.2,23.3,23.7,21.7
7741,2251.4,2442.779009195113,-191.3790091951128,2251.4,24.3,24.8,23.1
7742,3631.0,2785.2121472081417,845.7878527918583,3631.0,26.3,26.4,24.3
7743,3363.9,2041.4558658356384,1322.444134164362,3363.9,26.9,27.3,26.0
7744,2983.6,4387.276537190034,-1403.6765371900342,2983.6,28.5,28.5,26.4
7745,2705.0,1847.4008037030349,857.5991962969651,2705.0,28.2,29.3,27.4
7746,3023.4,2133.0597326807742,890.3402673192259,3023.4,29.5,29.8,27.9
7747,2316.7,2042.7379904369277,273.96200956307234,2316.7,29.2,29.6,28.8
7748,1200.4,1043.9858029596348,156.41419704036525,1200.4,28.0,29.2,27.6
7749,563.8,851.8537782079923,-288.0537782079923,563.8,26.5,28.0,26.5
7750,14.7,256.856000228136,-242.156000228136,14.7,25.0,26.6,25.0
7751,0.0,1.829017624558308,-1.829017624558308,0.0,24.0,25.0,24.0
7752,0.0,0.0,0.0,0.0,23.0,24.0,23.0
7753,0.0,0.1744948371359395,-0.1744948371359395,0.0,22.0,23.0,22.0
7754,0.0,0.0,0.0,0.0,21.0,22.0,20.8
7755,0.0,0.0,0.0,0.0,20.3,21.2,20.3
7756,0.0,0.0,0.0,0.0,19.4,20.3,19.2
7757,0.0,0.0,0.0,0.0,18.8,19.6,18.8
7758,0.0,0.0,0.0,0.0,18.4,18.8,18.0
7759,0.0,0.0,0.0,0.0,16.2,18.4,16.2
7760,0.0,0.0,0.0,0.0,15.4,16.2,15.4
7761,45.1,13.633642846011856,31.466357153988145,45.1,16.3,16.3,15.2
7762,635.7,352.1983287315672,283.50167126843286,635.7,20.3,20.3,16.3
7763,1573.2,1022.603958151527,550.5960418484731,1573.2,21.8,21.9,20.3
7764,2450.1,2167.813063812536,282.28693618746456,2450.1,23.6,23.6,21.8
7765,3153.6,2906.4625318895933,247.13746811040664,3153.6,25.0,25.1,23.6
7766,3632.9,3800.884946942973,-167.98494694297324,3632.9,26.4,26.6,25.0
7767,3848.3,3275.337023585058,572.9629764149422,3848.3,27.5,27.7,26.1
7768,3812.4,3667.192032127615,145.20796787238487,3812.4,28.1,28.5,27.4
7769,3261.2,3185.7895151284606,75.41048487153921,3261.2,29.7,29.7,27.9
7770,1747.2,3081.4453317655443,-1334.2453317655445,1747.2,28.2,29.7,27.9
7771,1863.7,1082.793538695454,780.9064613045462,1863.7,30.0,30.2,28.1
7772,1302.2,820.1996168888429,482.00038311115713,1302.2,28.9,30.4,28.8
7773,484.2,774.9646035777688,-290.7646035777688,484.2,26.7,28.9,26.7
7774,16.7,78.72085696367358,-62.02085696367358,16.7,25.3,26.7,24.7
7775,0.0,0.7387976856634175,-0.7387976856634175,0.0,26.0,26.0,24.4
7776,0.0,7.494568511936081e-17,-7.494568511936081e-17,0.0,25.4,26.0,23.7
7777,0.0,0.0,0.0,0.0,24.7,25.4,23.9
7778,0.0,0.0,0.0,0.0,24.0,24.7,23.9
7779,0.0,0.0,0.0,0.0,23.4,24.0,23.1
7780,0.0,1.040288184924065e-33,-1.040288184924065e-33,0.0,19.2,23.5,19.1
7781,0.0,0.0,0.0,0.0,19.8,21.4,19.1
7782,0.0,6.028820571908976e-66,-6.028820571908976e-66,0.0,22.0,22.0,18.8
7783,0.0,0.0,0.0,0.0,21.6,22.5,20.6
7784,0.0,0.0,0.0,0.0,20.6,21.6,20.6
7785,37.6,27.570718908101263,10.02928109189874,37.6,21.2,21.2,20.3
7786,386.2,378.391614933959,7.808385066041012,386.2,21.7,21.7,20.9
7787,819.8,1095.607989263791,-275.8079892637911,819.8,21.6,22.8,21.5
7788,1045.5,1704.736300552309,-659.2363005523091,1045.5,22.4,23.4,21.6
7789,923.1,1896.397566421708,-973.2975664217078,923.1,23.0,23.0,21.7
7790,535.5,2243.3429422013487,-1707.8429422013487,535.5,22.4,23.0,21.5
7791,815.4,1382.6134276725304,-567.2134276725304,815.4,21.6,22.5,21.6
7792,2715.4,1394.1530378994323,1321.2469621005675,2715.4,24.5,24.6,21.5
7793,2124.8,2452.205588774361,-327.4055887743607,2124.8,24.6,25.6,23.9
7794,1377.0,1736.9989147240967,-359.9989147240967,1377.0,24.9,24.9,24.2
7795,2133.7,1364.2854597687417,769.4145402312581,2133.7,23.9,25.3,23.9
7796,338.8,1305.5752286313527,-966.7752286313528,338.8,22.8,24.2,22.8
7797,130.2,0.0,130.2,130.2,21.8,22.9,21.8
7798,20.5,0.0,20.5,20.5,20.5,21.8,20.5
7799,0.0,4.288419359277107,-4.288419359277107,0.0,20.2,20.5,20.2
7800,0.0,4.394932447253484e-97,-4.394932447253484e-97,0.0,19.6,20.2,19.6
7801,0.0,0.0,0.0,0.0,19.2,19.6,19.2
7802,0.0,0.0,0.0,0.0,18.9,19.3,18.9
7803,0.0,6.760586756167515e-130,-6.760586756167515e-130,0.0,18.7,19.0,18.7
7804,0.0,0.0,0.0,0.0,18.5,18.7,18.3
7805,0.0,0.0,0.0,0.0,18.6,18.8,18.5
7806,0.0,5.599467256229039e-66,-5.599467256229039e-66,0.0,18.7,18.7,18.5
7807,0.0,0.0,0.0,0.0,18.8,18.8,18.6
7808,0.0,0.0,0.0,0.0,18.6,18.8,18.5
7809,24.6,37.15413494914009,-12.554134949140083,24.6,18.7,18.7,18.5
7810,569.9,447.650067743439,122.24993225656095,569.9,19.7,19.7,18.7
7811,731.8,1142.7293247988862,-410.9293247988862,731.8,20.6,20.6,19.7
7812,961.5,1322.5561771898158,-361.0561771898158,961.5,20.9,21.0,20.4
7813,2173.9,1393.9089806838065,779.9910193161936,2173.9,22.9,23.0,20.9
7814,2575.0,2080.475685962454,494.524314037546,2575.0,24.0,24.2,22.7
7815,3170.0,2561.979133901539,608.0208660984608,3170.0,25.5,25.8,23.6
7816,2818.5,3686.68698497907,-868.1869849790701,2818.5,26.3,26.9,25.2
7817,2505.0,2338.061012921072,166.93898707892868,2505.0,26.8,27.8,26.2
7818,2072.0,1466.3548660079225,605.6451339920777,2072.0,27.6,28.0,26.8
7819,2193.2,2261.3813178291584,-68.18131782915862,2193.2,28.2,28.9,27.1
7820,584.6,990.0673222818992,-405.4673222818991,584.6,26.6,28.3,26.4
7821,246.0,175.8081175038717,70.1918824961283,246.0,26.1,26.6,25.9
7822,12.7,0.0,12.7,12.7,24.1,26.1,24.1
7823,0.0,0.0,0.0,0.0,22.3,24.1,22.3
7824,0.0,0.0,0.0,0.0,21.9,22.3,21.9
7825,0.0,0.0,0.0,0.0,21.9,22.0,21.3
7826,0.0,0.0,0.0,0.0,21.4,22.0,21.4
7827,0.0,0.0,0.0,0.0,20.1,21.4,20.1
7828,0.0,0.0,0.0,0.0,19.1,20.1,19.1
7829,0.0,0.0,0.0,0.0,19.0,19.1,18.9
7830,0.0,0.0,0.0,0.0,18.9,19.0,18.8
7831,0.0,0.0,0.0,0.0,19.2,19.2,18.8
7832,0.0,0.0,0.0,0.0,18.9,19.3,18.8
7833,14.2,27.825473820188737,-13.625473820188738,14.2,19.0,19.0,18.9
7834,156.9,424.6469580745276,-267.7469580745276,156.9,19.4,19.4,19.0
7835,484.2,509.3272962403204,-25.12729624032039,484.2,20.0,20.0,19.4
7836,1052.1,757.7016586849695,294.3983413150304,1052.1,21.6,21.6,20.0
7837,1304.8,1517.4065985048846,-212.6065985048847,1304.8,22.8,22.8,21.6
7838,1606.0,1358.4330421641534,247.56695783584652,1606.0,23.6,23.6,22.7
7839,1586.3,1950.782565999295,-364.4825659992951,1586.3,23.4,23.8,23.2
7840,444.2,2327.785333584301,-1883.585333584301,444.2,18.8,23.4,18.5
7841,450.4,692.678153155071,-242.27815315507095,450.4,19.3,19.5,18.8
7842,615.3,444.55617616519,170.74382383480997,615.3,19.6,19.6,18.7
7843,2479.7,1297.589279320777,1182.1107206792228,2479.7,22.1,22.7,19.6
7844,245.7,781.8809843676277,-536.1809843676276,245.7,20.2,22.4,20.2
7845,283.8,52.731246211605935,231.06875378839408,283.8,19.2,20.2,19.2
7846,59.1,91.05052944152868,-31.95052944152868,59.1,19.2,19.3,19.1
7847,0.0,30.121667275318703,-30.121667275318703,0.0,19.1,19.2,19.0
7848,0.0,2.4135955391465945e-15,-2.4135955391465945e-15,0.0,19.0,19.1,19.0
7849,0.0,1.5734816743731748e-32,-1.5734816743731748e-32,0.0,18.9,19.0,18.8
7850,0.0,0.0,0.0,0.0,18.7,18.9,18.7
7851,0.0,0.0,0.0,0.0,18.6,18.8,18.6
7852,0.0,0.0,0.0,0.0,18.5,18.7,18.5
7853,0.0,0.0,0.0,0.0,18.5,18.6,18.4
7854,0.0,0.0,0.0,0.0,18.6,18.7,18.5
7855,0.0,0.0,0.0,0.0,18.7,18.8,18.6
7856,0.0,0.0,0.0,0.0,18.6,18.7,18.5
7857,25.9,17.30637876052735,8.59362123947265,25.9,18.2,18.6,18.1
7858,413.1,326.210206481613,86.88979351838702,413.1,19.3,19.3,18.2
7859,1191.3,606.8986534012314,584.4013465987686,1191.3,21.4,21.4,19.3
7860,1837.2,1349.9978909944673,487.2021090055328,1837.2,22.1,22.2,20.9
7861,2146.6,2184.7658050683,-38.16580506829996,2146.6,23.9,24.1,22.1
7862,2665.5,2272.044156914757,393.45584308524303,2665.5,25.5,25.7,23.7
7863,1500.3,2659.78775038296,-1159.48775038296,1500.3,23.8,25.7,22.7
7864,786.9,1007.7677112056788,-220.8677112056787,786.9,21.8,23.9,19.8
7865,3527.6,858.2003708766815,2669.3996291233184,3527.6,26.7,26.8,21.8
7866,2493.4,2697.2539244606496,-203.85392446064952,2493.4,26.7,27.5,26.4
7867,1650.9,2999.1971037949243,-1348.2971037949242,1650.9,27.6,27.8,26.6
7868,1833.3,57.58608378479698,1775.713916215203,1833.3,23.9,28.2,23.9
7869,538.6,1227.0369084733295,-688.4369084733297,538.6,22.7,24.1,22.7
7870,10.8,234.47404142955648,-223.67404142955647,10.8,21.2,22.7,21.2
7871,0.0,0.0,0.0,0.0,21.1,21.2,20.9
7872,0.0,1.1115732717384248e-15,-1.1115732717384248e-15,0.0,20.5,21.2,20.5
7873,0.0,0.0,0.0,0.0,21.2,21.2,20.5
7874,0.0,0.0,0.0,0.0,20.6,21.2,20.6
7875,0.0,0.0,0.0,0.0,19.3,20.6,19.3
7876,0.0,0.0,0.0,0.0,19.1,19.3,18.7
7877,0.0,1.2555777258529426e-50,-1.2555777258529426e-50,0.0,18.8,19.2,18.5
7878,0.0,0.0,0.0,0.0,18.9,19.1,18.8
7879,0.0,0.0,0.0,0.0,18.9,19.0,18.6
7880,0.0,2.577041978696745e-143,-2.577041978696745e-143,0.0,17.7,19.1,17.7
7881,0.0,18.24699973938911,-18.24699973938911,0.0,17.7,17.7,17.2
7882,9.1,248.43816891965196,-239.33816891965196,9.1,16.6,18.2,16.6
7883,45.2,595.9701124972115,-550.7701124972115,45.2,17.1,17.3,16.4
7884,163.6,826.85652711458,-663.25652711458,163.6,17.8,17.8,17.0
7885,766.7,789.0729904265837,-22.37299042658367,766.7,18.8,18.9,17.8
7886,1422.8,1397.357205684621,25.442794315378933,1422.8,21.0,21.0,18.8
7887,1673.1,1039.81926338329,633.2807366167099,1673.1,22.9,22.9,21.0
7888,2557.4,751.2769825366665,1806.1230174633336,2557.4,24.2,24.8,22.7
7889,2642.4,3186.3466336395086,-543.9466336395085,2642.4,24.7,25.1,24.2
7890,2168.0,1972.192068602065,195.80793139793445,2168.0,23.9,25.0,23.9
7891,1314.8,2352.449948558105,-1037.649948558105,1314.8,24.0,24.2,23.8
7892,903.1,602.6291825852594,300.4708174147406,903.1,23.5,24.0,23.5
7893,355.5,334.84537344039586,20.65462655960414,355.5,22.3,23.5,22.3
7894,11.5,17.815484622318365,-6.315484622318365,11.5,21.5,22.3,21.5
7895,0.0,0.0,0.0,0.0,20.6,21.5,20.6
7896,0.0,0.0,0.0,0.0,20.2,20.5,20.1
7897,0.0,3.7135866425113923e-50,-3.7135866425113923e-50,0.0,20.4,20.7,20.1
7898,0.0,0.0,0.0,0.0,20.2,20.5,20.2
7899,0.0,0.0,0.0,0.0,19.9,20.2,19.9
7900,0.0,0.0,0.0,0.0,19.8,19.9,19.8
7901,0.0,0.0,0.0,0.0,20.1,20.1,19.6
7902,0.0,0.0,0.0,0.0,20.0,20.2,20.0
7903,0.0,0.0,0.0,0.0,19.6,20.2,19.6
7904,0.0,0.0,0.0,0.0,19.2,19.6,19.2
7905,6.5,11.188632653769671,-4.688632653769673,6.5,19.3,19.4,19.1
7906,33.3,179.5004993465535,-146.2004993465535,33.3,18.5,19.3,18.4
7907,237.2,433.9843870066547,-196.7843870066547,237.2,18.8,18.8,18.5
7908,370.0,666.2103925342735,-296.2103925342735,370.0,19.0,19.2,18.8
7909,167.6,943.2229557139063,-775.6229557139064,167.6,18.6,19.1,18.6
7910,160.2,1050.8399354587168,-890.6399354587168,160.2,18.5,18.8,18.4
7911,508.6,296.9930703289889,211.60692967101107,508.6,19.2,19.5,18.5
7912,642.7,903.9826402991758,-261.2826402991758,642.7,19.6,19.6,19.2
7913,1330.2,2139.246583395496,-809.0465833954956,1330.2,21.5,21.5,19.6
7914,1455.5,1110.471794722309,345.0282052776911,1455.5,23.4,23.4,21.5
7915,1585.2,893.4153882710914,691.7846117289087,1585.2,24.0,24.6,23.3
7916,861.8,1386.1658296613298,-524.3658296613298,861.8,23.8,24.1,23.6
7917,460.2,162.44910682713555,297.75089317286444,460.2,23.4,24.1,23.3
7918,27.8,54.75260732276274,-26.95260732276274,27.8,20.9,23.4,20.9
7919,0.0,12.18110462345564,-12.18110462345564,0.0,20.1,21.2,20.1
7920,0.0,0.0,0.0,0.0,19.7,20.1,19.5
7921,0.0,5.665576661030819e-32,-5.665576661030819e-32,0.0,19.8,19.9,19.7
7922,0.0,0.0,0.0,0.0,19.0,19.8,19.0
7923,0.0,0.0,0.0,0.0,18.8,19.1,18.7
7924,0.0,0.0,0.0,0.0,18.4,18.8,18.4
7925,0.0,8.620610867223948e-96,-8.620610867223948e-96,0.0,18.4,18.5,18.3
7926,0.0,0.0,0.0,0.0,17.9,18.7,17.9
7927,0.0,0.0,0.0,0.0,17.9,17.9,17.7
7928,0.0,0.0,0.0,0.0,17.7,17.9,17.5
7929,24.7,3.071808733605165,21.62819126639484,24.7,17.5,17.7,17.3
7930,513.6,34.35341269699893,479.2465873030011,513.6,21.3,21.3,17.5
7931,1265.7,468.88164321387126,796.8183567861288,1265.7,24.2,24.2,21.3
7932,2295.1,1020.0598103274416,1275.0401896725582,2295.1,24.9,24.9,24.1
7933,3166.6,1809.6412582704495,1356.9587417295502,3166.6,26.1,26.3,24.9
7934,3286.7,2584.9180422903773,701.7819577096225,3286.7,26.8,26.8,25.3
7935,3716.9,2755.692086767513,961.207913232487,3716.9,27.1,27.5,26.5
7936,3974.9,3313.759170157334,661.1408298426659,3974.9,28.6,28.9,27.1
7937,3055.4,3552.4854406435647,-497.0854406435647,3055.4,28.6,29.0,27.8
7938,712.9,2515.2176251607257,-1802.3176251607256,712.9,23.0,28.5,23.0
7939,345.4,681.1582149422431,-335.7582149422432,345.4,23.4,24.6,22.8
7940,982.3,123.54769521092254,858.7523047890775,982.3,20.3,23.4,19.8
7941,163.5,502.1697093829633,-338.66970938296333,163.5,22.8,23.0,20.3
7942,11.4,0.0,11.4,11.4,20.5,22.8,20.5
7943,0.0,0.0,0.0,0.0,19.7,20.9,19.7
7944,0.0,0.0,0.0,0.0,19.4,19.7,19.3
7945,0.0,2.940994493806701e-32,-2.940994493806701e-32,0.0,19.7,19.8,19.4
7946,0.0,0.0,0.0,0.0,19.4,19.9,19.4
7947,0.0,0.0,0.0,0.0,18.7,19.4,18.7
7948,0.0,0.0,0.0,0.0,18.3,18.7,18.2
7949,0.0,0.0,0.0,0.0,18.1,18.3,18.1
7950,0.0,4.2410860865100075e-178,-4.2410860865100075e-178,0.0,18.3,18.3,18.0
7951,0.0,2.342401685532578e-99,-2.342401685532578e-99,0.0,19.0,19.0,18.1
7952,0.0,0.0,0.0,0.0,18.2,19.3,18.1
7953,8.0,14.178833549619569,-6.1788335496195685,8.0,18.8,18.9,18.2
7954,199.2,246.77509432940064,-47.57509432940063,199.2,19.0,19.0,18.7
7955,688.3,649.3325532121996,38.96744678780033,688.3,19.7,19.7,19.0
7956,1533.7,1218.9982406664224,314.7017593335777,1533.7,21.7,21.7,19.7
7957,1971.4,1752.9962873277825,218.4037126722178,1971.4,22.9,23.1,21.7
7958,2541.4,1890.7836871952252,650.6163128047747,2541.4,24.3,24.4,22.8
7959,3748.5,2600.034430337079,1148.465569662921,3748.5,25.4,25.4,24.1
7960,3936.8,3377.60006682952,559.1999331704801,3936.8,27.1,27.1,25.4
7961,3243.7,3251.122925761017,-7.422925761017723,3243.7,26.8,27.6,26.5
7962,1598.0,1823.6549932726296,-225.65499327262955,1598.0,25.8,27.7,25.8
7963,1071.3,1284.4852956028903,-213.1852956028904,1071.3,22.9,25.8,21.2
7964,1279.1,990.264286337334,288.835713662666,1279.1,25.4,25.6,22.9
7965,385.7,587.1920092278881,-201.4920092278881,385.7,24.6,25.5,24.6
7966,24.2,96.00912466427364,-71.80912466427363,24.2,23.6,24.7,22.2
7967,0.0,4.863248267727858,-4.863248267727858,0.0,22.4,23.8,22.4
7968,0.0,0.0,0.0,0.0,21.5,22.4,21.0
7969,0.0,0.0,0.0,0.0,22.4,22.4,21.0
7970,0.0,0.0,0.0,0.0,22.1,22.6,21.2
7971,0.0,3.4416138510074995e-98,-3.4416138510074995e-98,0.0,19.3,22.1,19.2
7972,0.0,0.0,0.0,0.0,19.3,19.6,19.2
7973,0.0,0.0,0.0,0.0,19.1,19.3,18.8
7974,0.0,0.0,0.0,0.0,18.2,19.1,18.2
7975,0.0,0.0,0.0,0.0,18.3,18.5,18.2
7976,0.0,0.0,0.0,0.0,18.3,18.4,18.0
7977,31.0,14.2379867732578,16.762013226742198,31.0,18.4,18.4,18.2
7978,579.0,323.1255456303136,255.8744543696864,579.0,20.4,20.4,18.4
7979,1485.9,1045.9713437441678,439.92865625583227,1485.9,22.9,22.9,20.4
7980,2323.5,2128.651943910645,194.8480560893549,2323.5,24.8,24.9,23.0
7981,2780.9,2706.7961354597574,74.10386454024274,2780.9,26.1,26.4,24.7
7982,2997.8,2943.9210112961223,53.87898870387789,2997.8,26.7,27.3,26.1
7983,3216.8,3623.562083667257,-406.7620836672568,3216.8,28.3,28.3,26.5
7984,1955.7,3452.681171426722,-1496.981171426722,1955.7,29.1,29.1,27.6
7985,2127.2,1722.1374725183164,405.06252748168345,2127.2,28.4,29.4,28.0
7986,2383.4,573.4940337017215,1809.9059662982784,2383.4,29.1,29.7,28.0
7987,1230.7,1571.4230510878538,-340.7230510878537,1230.7,28.3,29.5,28.0
7988,1022.7,1418.0324362867664,-395.3324362867663,1022.7,29.2,29.3,28.2
7989,660.3,254.98992852766776,405.3100714723322,660.3,28.0,29.3,28.0
7990,24.7,299.33614037009886,-274.6361403700989,24.7,23.9,28.0,23.8
7991,0.0,5.855796780602493,-5.855796780602493,0.0,22.4,24.0,22.4
7992,0.0,0.0,0.0,0.0,22.2,22.3,21.3
7993,0.0,0.0,0.0,0.0,20.6,22.2,20.4
7994,0.0,0.0,0.0,0.0,21.5,21.6,20.1
7995,0.0,0.0,0.0,0.0,20.9,22.0,20.9
7996,0.0,3.810622310447477e-83,-3.810622310447477e-83,0.0,19.8,20.9,19.8
7997,0.0,4.5004e-320,-4.5004e-320,0.0,19.0,20.1,19.0
7998,0.0,0.0,0.0,0.0,19.6,19.6,18.7
7999,0.0,1.2749305802811037e-127,-1.2749305802811037e-127,0.0,20.1,20.7,19.6
8000,0.0,0.0,0.0,0.0,19.8,20.2,19.7
8001,22.7,18.01202297819159,4.687977021808408,22.7,19.7,19.8,19.5
8002,287.9,360.4840104726803,-72.58401047268035,287.9,20.7,20.7,19.7
8003,1143.3,943.0600904442286,200.2399095557713,1143.3,23.0,23.0,20.8
8004,2349.2,1846.4109921267573,502.78900787324255,2349.2,25.5,25.5,23.0
8005,2739.0,2561.125098932377,177.8749010676229,2739.0,26.5,26.8,25.3
8006,3228.1,2895.6839298202303,332.4160701797696,3228.1,27.7,28.0,26.2
8007,2992.2,3607.186440440061,-614.9864404400614,2992.2,27.4,28.7,27.1
8008,383.6,2503.32858421021,-2119.72858421021,383.6,22.0,27.4,21.8
8009,519.6,853.2102182195164,-333.6102182195164,519.6,22.9,23.8,22.0
8010,2304.0,530.488827769501,1773.5111722304991,2304.0,27.1,27.1,22.8
8011,2278.3,1374.633004379502,903.6669956204984,2278.3,26.5,27.3,26.1
8012,1453.0,1873.117990412808,-420.117990412808,1453.0,25.8,26.8,25.8
8013,546.5,776.6118199471205,-230.11181994712047,546.5,24.1,25.8,24.1
8014,31.0,69.38790334612025,-38.387903346120254,31.0,23.3,24.1,23.3
